,,,Gardner Denver Drill Parts ,,,,
Part Number,Quantity,Part Number,Quantity,Part Number,Quantity,Part Number,Quantity
AA735 ,3,ATFH11 ,2,ATMCA275 ,1,ATOS53 ,5
AA755D ,1,ATFH12 ,6,ATMCA327 ,2,ATOS55 ,40
AC788 ,5,ATFH44 ,2,ATMCA327D ,6,ATOS69 ,1
AC808 ,6,ATFH47 ,9,ATMCA327K ,3,ATPN85 ,1
AC816 ,16,ATFH52 ,1,ATMCA327E ,2,ATPS12 ,4
AC817 ,12,ATH106738 ,1,ATMCA327G ,2,ATRW17 ,12
AC837 ,8,ATH122949 ,8,ATMCA382B ,12,ATSHA12 ,3
AC839 ,3,ATH141619 ,2,ATMCA382F ,,ATSHA15 ,1
AC879 ,8,ATH149269 ,1,ATMCA382H ,11,ATSHA3 ,4
AC888E ,8,ATH149270 ,1,ATMCA382J ,3,ATSHA43 ,1
AF79101 ,13,ATH153108 ,3,ATMCA382K ,6,ATSH122 ,1
AF8982 ,38,ATH154335 ,2,ATMCA382N ,6,ATSH134 ,8
AF8989 ,3,ATH154336 ,4,ATMCA382T ,1,ATSH172 ,4
AF99N2R ,12,ATH154338 ,2,ATMCA382U ,11,ATSH220 ,1
AF99103E ,1,ATH154340 ,3,ATMMGC63 ,3,ATSH53 ,3
ATAC816 ,8,ATH154443 ,1,ATNC74 ,1,ATSPD7 ,2
ATAC817 ,12,ATH154767 ,2,ATNFF5 ,3,ATSP7 ,2
ATAC836 ,4,ATH154768 ,1,ATNH72 ,4,ATTRR18 ,1
ATAC839 ,1,ATH154838 ,2,ATNH74 ,3,ATTRR35 ,6
ATAC878 ,2,ATH154845 ,4,ATNJF40 ,2,ATTRR39 ,1
ATAC882 ,2,ATH155636 ,2,ATNJ69 ,6,ATVC42 ,1
ATAC889 ,2,ATH162523 ,2,ATOG1 ,99,ATVC55 ,1
ATAD692 ,8,ATH179797K ,1,ATOG11 ,99,ATVC55A ,1
ATAD795 ,6,ATH185223 ,2,ATOG20 ,20,ATVC55C ,1
ATAD815 ,1,ATH3031RK ,2,ATOG28 ,19,ATVC55D ,11
ATAD822 ,10,ATH3031RK1 ,2,ATOR23 ,29,ATVC55E ,3
ATBL7 ,4,ATJ6918 ,4,ATOR27 ,29,ATVC55H ,1
ATDM427A ,99,ATJ6920 ,2,ATOR41 ,3,ATVC55J ,1
ATFH10 ,4,ATJ7026 ,2,ATOR8 ,13,ATVC55K ,2
,,"LC VOUGHT GARDNER DENVER DRILL PARTS, PAGE 1 ",,,,,
,,,Gardner Denver Drill Parts ,,,,
Part Number,Quantity,Part Number,Quantity,Part Number,Quantity,Part Number,Quantity
ATWC5A ,1,AT1151 ,1,AT1347 ,2,AT1417 ,1
ATWP28 ,8,AT117A ,25,AT13475A ,2,AT1418L ,2
ATWP43 ,24,AT117C ,2,AT1353AY ,2,AT1418R ,2
ATWP59 ,4,AT117E ,1,AT1356X ,10,AT1419L ,2
AT102 ,1,AT117F ,19,AT1357X ,14,AT1419R ,2
AT102A ,6,AT1200Z ,3,AT13 ,25,AT1420 ,2
AT1024A ,3,AT124 ,1,AT137SA ,8,AT1423 ,3
AT1025 ,4,AT124AX ,2,AT1382X ,4,AT1427B ,6
AT1026 ,9,AT127 ,20,AT1393 ,2,AT1427X ,4
AT1027 ,3,AT1293BRX ,1,AT1394 ,11,AT1428B ,7
AT1028 ,2,AT1293L ,3,AT1395 ,1,AT1428X ,1
AT1032 ,6,AT1293R ,6,AT1396 ,2,AT1429 ,12
AT1035 ,1,AT1293RX ,1,AT1398 ,2,AT143 ,2
AT1036 ,2,AT1300AX ,1,AT1399 ,4,AT1431 ,3
AT1036AX ,2,AT1300L ,21,AT1400X ,4,AT1431A ,3
AT104 ,2,AT1300LM ,3,AT1401 ,6,AT1433 ,1
AT104A ,2,AT1300R ,24,AT1402X ,1,AT1434A ,4
AT1042X ,1,AT1300X ,1,AT1404L ,1,AT1434B ,4
AT1044 ,25,AT1300Z ,1,AT1404R ,1,AT1436LX ,1
AT1045 ,15,AT1302 ,2,AT1406 ,2,AT1436RX ,1
AT1046 ,4,AT1302M ,4,AT1408 ,2,AT1439 ,20
AT1047 ,16,AT1303X ,5,AT141B ,6,AT1440 ,27
AT1049 ,2,AT131 ,8,AT1410 ,1,AT1443 ,4
AT1068 ,59,AT132 ,3,AT1411 ,1,AT1444 ,13
AT108X ,12,AT1321MX ,1,AT1412A ,10,AT1446 ,10
AT110X ,2,AT134 ,7,AT1413 ,2,AT1455 ,1
AT111 ,13,AT1344 ,18,AT1414 ,2,AT1456 ,3
AT1128 ,1,AT1345 ,7,AT1415AX ,9,AT1458X ,4
AT113 ,10,AT1346A ,6,AT1416X ,4,AT1463 ,36
,,"LC VOUGHT GARDNER DENVER DRILL PARTS, PAGE 2 ",,,,,
,,,Gardner Denver Drill Parts ,,,,
Part Number,Quantity,Part Number,Quantity,Part Number,Quantity,Part Number,Quantity
AT1464 ,2,AT1653 ,7,AT19475 ,5,AT2017 ,1
AT1465 ,19,AT1653A ,4,AT19476 ,3,AT2020 ,2
AT1466 ,80,AT166 ,7,AT1949R ,1,AT2034 ,3
AT1468A ,1,AT1673 ,3,AT1962 ,4,AT2046‐16 ,99
AT1468AX ,5,AT168 ,5,AT1964 ,1,AT2047 ,2
AT1469 ,77,AT172LA ,1,AT1966‐13 ,4,AT2055 ,1
AT1470L ,1,AT174 ,7,AT1966‐5 ,6,AT2076RK ,1
AT1472X ,1,AT176AX ,1,AT1966‐7 ,6,AT2088 ,2
AT1473 ,99,AT1809X ,1,AT1966‐8 ,2,AT2092 ,4
AT148 ,4,AT184A ,2,AT1966‐9 ,2,AT2104X ,1
AT1481L ,1,AT184B ,3,AT1966AX ,2,AT210411 ,2
AT1482 ,1,AT1845 ,4,AT1968 ,1,AT210412 ,6
AT1484 ,3,AT185L ,2,AT1969 ,4,AT210413 ,1
AT1486 ,1,AT185R ,1,AT197 ,1,AT21043 ,1
AT1486A ,1,AT18754 ,2,AT198 ,1,AT21045 ,1
AT149A ,1,AT18755 ,2,AT199 ,1,AT21047 ,1
AT1493 ,8,AT18757 ,99,AT1994LX ,2,AT21048 ,2
AT1494A ,1,AT189X ,1,AT1995 ,2,AT21049 ,2
AT150 ,4,AT1895 ,1,AT1996 ,5,AT2114 ,2
AT150AX ,5,AT1915 ,8,AT2002A ,5,AT2116 ,3
AT150X ,1,AT192 ,2,AT2005 ,1,AT213A ,17
AT1502 ,1,AT193 ,10,AT2007 ,1,AT2172X ,4
AT151 ,12,AT19351 ,8,AT2008 ,2,AT2173 ,1
AT153 ,16,AT1943 ,10,AT2009 ,2,AT2177 ,1
AT1583 ,4,AT1944 ,1,AT2011 ,1,AT2182 ,1
AT1620 ,2,AT1946L ,1,AT2014 ,3,AT220 ,2
AT1620B ,1,AT1946R ,1,AT2015LX ,1,AT2211 ,1
AT1620C ,2,AT1947X ,1,AT2015RX ,3,AT2213X ,1
AT1649 ,1,AT19473 ,1,AT2016 ,1,AT2217X ,1
,,"LC VOUGHT GARDNER DENVER DRILL PARTS, PAGE 3 ",,,,,
,,,Gardner Denver Drill Parts ,,,,
Part Number,Quantity,Part Number,Quantity,Part Number,Quantity,Part Number,Quantity
AT224 ,5,AT251B ,1,AT270 ,5,AT3153 ,6
AT2253RK ,1,AT2538 ,1,AT271 ,15,AT3154A ,1
AT2293 ,1,AT2544P3 ,4,AT275 ,2,AT3154B ,16
AT2300 ,2,AT2544P4 ,4,AT275X ,11,AT3177L ,4
AT2310 ,2,AT2544P5 ,1,AT290 ,4,AT3177R ,2
AT2311 ,2,AT2544P6 ,1,AT294 ,1,AT3179 ,1
AT232 ,1,AT255 ,6,AT302 ,4,AT3181 ,2
AT233 ,2,AT2553RK ,5,AT304 ,5,AT3182 ,2
AT237 ,3,AT2562 ,2,AT3101AL ,2,AT3195 ,1
AT2375 ,2,AT2566L ,1,AT3101AR ,2,AT3197 ,2
AT239A ,5,AT2566R ,1,AT3106 ,12,AT3197A ,1
AT241L ,4,AT2577X ,4,AT3109 ,2,AT3198 ,1
AT241R ,4,AT258L ,20,AT3112A ,1,AT3201L ,4
AT241RX ,3,AT258LM ,3,AT3114A ,6,AT3201R ,1
AT242 ,6,AT258R ,27,AT3121 ,2,AT3209A ,4
AT242X ,4,AT258RM ,2,AT3122 ,4,AT3215 ,1
AT2429B ,7,AT2587X ,1,AT3125 ,2,AT3216 ,5
AT2431A ,1,AT259 ,3,AT3128 ,1,AT3219 ,4
AT2435 ,8,AT260ABY ,1,AT3129 ,3,AT3220 ,30
AT2437 ,4,AT260ABYM ,1,AT3131 ,9,AT3222 ,99
AT244 ,3,AT2601RK ,1,AT3135 ,1,AT3224A ,1
AT2445 ,1,AT2606LX ,1,AT3136 ,1,AT3225ALX ,1
AT2446 ,2,AT2606RX ,1,AT3138AX ,6,AT3225ARX ,1
AT245 ,1,AT2612 ,4,AT3139A ,3,AT3225L ,2
AT2457 ,1,AT2613 ,3,AT3140A ,6,AT3225R ,2
AT2467 ,2,AT2661RK ,1,AT3143 ,15,AT3226 ,5
AT2469 ,1,AT2663RK ,2,AT3144 ,2,AT3228 ,3
AT2471 ,6,AT2664RK ,2,AT3150 ,12,AT3229 ,1
AT250A ,13,AT2665RK ,1,AT3151 ,1,AT3233B ,1
,,"LC VOUGHT GARDNER DENVER DRILL PARTS, PAGE 4 ",,,,,
,,,Gardner Denver Drill Parts ,,,,
Part Number,Quantity,Part Number,Quantity,Part Number,Quantity,Part Number,Quantity
AT3233G ,2,AT3275 ,2,AT3393A ,4,AT442AC ,22
AT3239 ,2,AT3279 ,2,AT3394A ,5,AT442AD ,1
AT324 ,1,AT3280 ,1,AT3396 ,1,AT442B ,5
AT3240 ,1,AT3281 ,1,AT3396A ,2,AT442BB ,1
AT3245 ,2,AT3282 ,4,AT340 ,4,AT442C ,1
AT3246AL ,5,AT3285 ,1,AT341 ,2,AT442H ,1
AT3246AR ,5,AT3313X ,3,AT343 ,1,AT442K ,1
AT3246L ,1,AT3328 ,1,AT345 ,8,AT442L ,26
AT3246R ,1,AT333B ,5,AT346 ,1,AT442N ,99
AT3255L ,1,AT3351 ,7,AT347 ,2,AT442P ,8
AT3255R ,1,AT3356AL ,1,AT349 ,8,AT442U ,43
AT3257 ,1,AT3356AR ,1,AT350 ,1,AT443AB ,2
AT326 ,1,AT3356R ,1,AT353X ,1,AT445 ,1
AT3260X ,2,AT3357 ,1,AT360RX ,3,AT445AB ,1
AT3261 ,1,AT3363 ,2,AT361D ,99,AT445W ,12
AT3262 ,1,AT3363X ,1,AT361M ,1,AT446 ,1
AT3262A ,2,AT3373X ,3,AT361N ,1,AT449 ,99
AT3263 ,16,AT3374 ,3,AT361X ,1,AT450 ,1
AT3265 ,3,AT3374X ,3,AT365P1 ,1,AT4507 ,5
AT3267 ,99,AT3375 ,1,AT365P2 ,6,AT4508 ,14
AT3268 ,16,AT3375A ,1,AT365P4 ,1,AT4509 ,11
AT3269 ,4,AT3377 ,9,AT365P5 ,1,AT4518 ,1
AT327X ,3,AT3378 ,7,AT391 ,16,AT4522R ,43
AT3270 ,3,AT3379 ,3,AT408X ,1,AT4524 ,4
AT3271 ,1,AT3380 ,2,AT410 ,16,AT4537X ,1
AT3273 ,1,AT3382 ,2,AT411 ,4,AT4540 ,1
AT3273X ,12,AT3383 ,8,AT413 ,1,AT4553 ,1
AT3274A ,14,AT3387 ,1,AT442 ,1,AT4556 ,1
AT3274B ,9,AT339A ,1,AT442A ,1,AT4560 ,1
,,"LC VOUGHT GARDNER DENVER DRILL PARTS, PAGE 5 ",,,,,
,,,Gardner Denver Drill Parts ,,,,
Part Number,Quantity,Part Number,Quantity,Part Number,Quantity,Part Number,Quantity
AT4561 ,5,AT560A1147 ,1,AT56011862 ,6,AT56024894 ,5
AT4565 ,1,AT560A1189 ,6,AT56012066 ,1,AT56025501 ,1
AT4569 ,2,AT560A1576LH ,4,AT5601208 ,8,AT5602568 ,1
AT4570 ,1,AT560A15776RH,5,AT56013961 ,6,AT5602572 ,1
AT4571 ,1,AT560A17084 ,1,AT5601406 ,1,AT56025925 ,2
AT4572 ,4,AT560A23193 ,2,AT56014114 ,1,AT56026731 ,1
AT4574 ,1,AT560A26656 ,6,AT56014115 ,1,AT56026743 ,1
AT4575 ,2,AT560A9059 ,2,AT56014242 ,1,AT5602706 ,1
AT4576 ,1,AT560A9738 ,2,AT5601565 ,1,AT5602710 ,3
AT4580 ,5,AT56010137 ,6,AT5601586 ,20,AT56027181 ,8
AT4629 ,2,AT56010204 ,1,AT56016124 ,2,AT5602788 ,1
AT4697 ,3,AT5601062 ,1,AT56016125 ,7,AT5602795 ,2
AT4698 ,3,AT5601072 ,1,AT5601635 ,6,AT5602867 ,1
AT481 ,9,AT5601073 ,6,AT56017099 ,1,AT5603207 ,4
AT503 ,16,AT5601077 ,4,AT56017171 ,1,AT56033628 ,1
AT504 ,1,AT56010814 ,1,AT56018713 ,1,AT5603513A ,1
AT505 ,3,AT5601092 ,1,AT5601920 ,1,AT5603735 ,99
AT508 ,10,AT5601093 ,1,AT56024595 ,4,AT5603737 ,1
AT509 ,7,AT5601101 ,1,AT56024638 ,13,AT5603739 ,1
AT511 ,2,AT5601102 ,1,AT56024649 ,1,AT5603773 ,1
AT512 ,6,AT5601121 ,1,AT56024650 ,1,AT5603774 ,1
AT513 ,4,AT5601123 ,2,AT56024655 ,1,AT5603777 ,99
AT517B ,1,AT56011260 ,1,AT56024663 ,2,AT5603796 ,2
AT5227 ,4,AT5601127 ,1,AT56024671 ,1,AT5603818 ,1
AT5228 ,6,AT5601134 ,2,AT56024673 ,1,AT5603863 ,17
AT524X ,4,AT56011354 ,2,AT56024675 ,2,AT5603926 ,99
AT525X ,4,AT56011356 ,1,AT56024676 ,1,AT5603972 ,1
AT526 ,2,AT56011410 ,1,AT56024691 ,1,AT5604008 ,3
AT527 ,8,AT56011411 ,1,AT56024692 ,1,AT5604009 ,2
,,"LC VOUGHT GARDNER DENVER DRILL PARTS, PAGE 6 ",,,,,
,,,Gardner Denver Drill Parts ,,,,
Part Number,Quantity,Part Number,Quantity,Part Number,Quantity,Part Number,Quantity
AT5604186 ,1,AT5625018240 ,6,AT615B ,6,AT7263 ,2
AT5604194 ,99,AT5625018344 ,6,AT616B ,8,AT7398 ,1
AT560429636 ,1,AT5625019240 ,6,AT617B ,6,AT75 ,10
AT5604384 ,4,AT5625020200 ,1,AT619 ,3,AT7507A ,1
AT5604879 ,1,AT5625311 ,2,AT620 ,1,AT7507B ,1
AT5604969 ,1,AT570X ,1,AT622A ,4,AT7534 ,1
AT5605230 ,1,AT5843 ,6,AT624 ,3,AT7711 ,1
AT5605495 ,1,AT5864969 ,1,AT625 ,2,AT773 ,2
AT5605888L ,1,AT601X ,1,AT62849 ,1,AT7741 ,1
AT5606177A ,1,AT602 ,4,AT629 ,1,AT775 ,3
AT5606411 ,1,AT602A ,6,AT629B ,21,AT776 ,23
AT5606412 ,1,AT6025 ,1,AT642 ,1,AT7857 ,1
AT5607085 ,1,AT603X ,2,AT643K210 ,6,AT7865 ,1
AT5607488 ,1,AT6035 ,2,AT644 ,1,AT7965 ,1
AT5607680 ,3,AT6036 ,2,AT644A ,3,AT819 ,2
AT5608368 ,1,AT6054 ,1,AT6455 ,1,AT822AB ,12
AT5609290 ,1,AT607 ,4,AT6736 ,15,AT822AC ,3
AT561A2073 ,1,AT6072 ,1,AT6744 ,1,AT822AD ,2
AT561207311 ,99,AT608 ,1,AT6818 ,3,AT822AF ,33
AT561207315 ,2,AT610AL ,4,AT6843 ,1,AT822AK ,1
AT561207316 ,4,AT610AR ,6,AT6846 ,4,AT822AN ,4
AT56120738 ,3,AT610R ,1,AT6913 ,3,AT822H ,2
AT561207411 ,1,AT611AL ,2,AT6914 ,2,AT822K ,99
AT561207611 ,99,AT611AR ,2,AT6915 ,2,AT822L ,2
AT561207617 ,7,AT611R ,2,AT6936 ,2,AT822M ,19
AT56120766 ,1,AT612X ,3,AT694A ,1,AT822N ,2
AT562C5016 ,2,AT613 ,7,AT6964 ,2,AT822NC ,2
AT562C5764 ,1,AT613A ,4,AT7202 ,1,AT822R ,1
AT5625015 ,24,AT6146 ,5,AT7247 ,2,AT822T ,6
,,"LC VOUGHT GARDNER DENVER DRILL PARTS, PAGE 7 ",,,,,
,,,Gardner Denver Drill Parts ,,,,
Part Number,Quantity,Part Number,Quantity,Part Number,Quantity,Part Number,Quantity
AT822U ,10,BB102 ,1,BB61 ,2,B37B15T ,4
AT822WS ,20,BB106 ,2,BB64 ,7,B371A ,1
AT822X ,6,BB108 ,16,BB65 ,1,B371P ,2
AT822Y ,1,BB113 ,1,BB68 ,10,B3712A ,11
AT822Z ,99,BB116 ,1,BB75 ,14,B3712B ,5
AT826 ,3,BB117 ,1,BB84 ,27,B3712G ,99
AT826B ,1,BB127 ,28,BB85 ,8,B3712VA ,3
AT826W ,5,BB128 ,1,BDN11 ,6,B3715A ,63
AT827BX ,1,BB129 ,1,BDN5 ,2,B3715C ,15
AT8381 ,1,BB130 ,1,BDN9 ,6,B3716 ,3
AT8482 ,1,BB136 ,1,BD2 ,5,B3717 ,19
AT8499 ,4,BB137 ,2,BF246 ,1,B373 ,2
AT8531 ,1,BB138 ,2,BF75 ,13,B373D ,1
AT886 ,1,BB139 ,2,BO14 ,2,B373E ,2
AT902A ,9,BB140 ,1,BSH70 ,1,B3736D ,2
AT912A ,18,BB15 ,1,BS116 ,4,B377DA ,2
AT912B ,91,BB16 ,2,BS127 ,3,B377R ,1
AT914A ,2,BB17 ,1,BS130 ,3,B378 ,6
AT917 ,8,BB18 ,1,BS136 ,12,B378L ,4
AT918 ,2,BB19 ,1,BS169 ,10,B379 ,24
AT941X ,1,BB26 ,1,BS200 ,21,B67BD17EA ,1
AT958X ,4,BB29 ,24,BS210 ,41,B67B17A ,1
AT976X ,25,BB38 ,1,BS431 ,2,B67B3A ,11
AT977X ,23,BB41 ,1,BS434 ,1,B6715 ,3
AT978X ,4,BB46 ,1,BS70 ,1,B6715EA ,6
AT980 ,11,BB47 ,1,BS98 ,1,B6716 ,5
AT982 ,1,BB5 ,48,BU6 ,4,B672D ,7
AT984X ,1,BB52 ,13,B152J ,7,B673 ,1
A4512F ,2,BB60 ,1,B1662F ,3,B674N ,31
,,"LC VOUGHT GARDNER DENVER DRILL PARTS, PAGE 8 ",,,,,
,,,Gardner Denver Drill Parts ,,,,
Part Number,Quantity,Part Number,Quantity,Part Number,Quantity,Part Number,Quantity
B678A ,8,B87B36GX ,2,B874 ,17,CF7968 ,1
B678L ,7,B87B36H ,1,B874Z ,1,CF7970A ,3
B679 ,8,B87B36UD ,3,B8746 ,1,CF7976 ,16
B72S22A ,6,B87B8 ,2,B8747 ,1,CF89N12EC ,3
B72S3T ,3,B87B8L ,4,B878A ,1,CF89N12FA ,1
B7212 ,5,B87B8P ,1,B879 ,37,CF89N2DA ,7
B7215A ,1,B87S3 ,1,B9736W ,2,CF8912 ,1
B7215B ,5,B871B ,1,CBM2142 ,1,CF8912B ,11
B7215C ,1,B8712 ,1,CB99A3N ,2,CF8912DB ,1
B7236 ,6,B8712H ,4,CB99A95P ,14,CF8912E ,15
B7236BA ,41,B8712K ,1,CB9915B ,1,CF8912EA ,2
B7236D ,17,B8712L ,8,CD517L ,7,CF8912NA ,5
B7236E ,7,B8712VA ,4,CF123ANJ17J ,1,CF8912S ,6
B7236G ,7,B87148 ,4,CF123N1 ,3,CF8912SA ,2
B7236H ,1,B8715 ,1,CF123N103 ,1,CF8912X ,1
B7236P ,99,B8715C ,2,CF123N12A ,6,CF89147B ,3
B7236TC ,1,B8715E ,8,CF123N42A ,1,CF892D ,66
B727T6P ,9,B8715M ,7,CF73H11B ,76,CF892DA ,5
B727U6M ,3,B8715TB ,22,CF73H76A ,1,CF892E ,7
B729 ,2,B8716M ,16,CF73H78 ,1,CF892P ,7
B87B1B ,1,B872D ,2,CF792 ,1,CF892R ,15
B87B17A ,1,B872DX ,1,CF7927 ,17,CF8927 ,2
B87B3A ,10,B873 ,5,CF7927G ,12,CF8927G ,47
B87B3AX ,4,B873N ,29,CF793 ,13,CF8946 ,4
B87B3N ,35,B873T ,7,CF793A ,3,CF8950 ,3
B87B3TA ,12,B873X ,1,CF793N ,51,CF8962 ,2
B87B36B ,39,B8736BA ,1,CF793S ,38,CF8964 ,2
B87B36E ,43,B8736C ,5,CF7964 ,6,CF8965 ,14
B87B36G ,1,B8736W ,16,CF7966 ,5,CF8966 ,7
,,"LC VOUGHT GARDNER DENVER DRILL PARTS, PAGE 9 ",,,,,
,,,Gardner Denver Drill Parts ,,,,
Part Number,Quantity,Part Number,Quantity,Part Number,Quantity,Part Number,Quantity
CF8969 ,2,CF99147 ,79,CH123J2D ,4,CL5441 ,99
CF8970B ,11,CF99149 ,16,CH123J27R ,99,CL5600 ,1
CF8971A ,2,CF993 ,4,CH123J82 ,99,CL5682 ,2
CF8971B ,14,CF9941 ,25,CH123J90 ,1,CL5697 ,99
CF8976 ,8,CF9947X ,15,CH3A1 ,1,CM102C ,4
CF8978 ,1,CF9948 ,2,CH3A12 ,3,CM117 ,1
CF8978A ,18,CF9962 ,4,CH3A12A ,2,CM118 ,1
CF8980A ,5,CF9963 ,2,CH3A15D ,21,CM19S ,1
CF8982 ,99,CF9966 ,2,CH3A15F ,2,CM25 ,1
CF8983BA ,26,CF9968 ,2,CH3A16 ,2,CM27 ,25
CF8983CA ,1,CF9969 ,1,CH3A2D ,2,CM29A ,3
CF8986 ,2,CF9970 ,2,CH3A36B ,2,CM3B ,2
CF8986N ,3,CF9971 ,2,CH3A54 ,1,CM30 ,1
CF8986NA ,12,CF9976 ,31,CH3A60 ,1,CM31 ,4
CF8999 ,25,CG12 ,1,CH3A61 ,1,CM35 ,2
CF8999A ,2,CG15 ,5,CH3A63 ,1,CM37 ,8
CF8999AX ,7,CG26 ,4,CH3A7 ,1,CM39 ,12
CF93N27N ,43,CHP15 ,16,CH3A7A ,1,CM43A ,6
CF93146 ,4,CHP16 ,53,CH3A9 ,2,CM44 ,6
CF93147 ,29,CHP162 ,4,CH3B9 ,4,CM51 ,1
CF93147X ,3,CHP17 ,46,CH95 ,1,CM53 ,3
CF93149 ,99,CHP18 ,8,CL51096 ,2,CM59 ,1
CF9327 ,40,CHP26 ,7,CL5113 ,5,CM61 ,1
CF9327T ,40,CHP262 ,4,CL51490 ,1,CM63 ,7
CF99N2V ,4,CHP27 ,6,CL51693 ,1,CM65 ,2
CF99N2W ,99,CHP272 ,4,CL5290 ,1,CM67 ,1
CF9911 ,49,CHP28 ,7,CL5324P ,99,CM69 ,1
CF99146 ,16,CHP30 ,83,CL5400 ,1,CM71 ,1
CF99146W ,21,CH123J133D ,1,CL5434 ,1,CM73 ,9
,,"LC VOUGHT GARDNER DENVER DRILL PARTS, PAGE 10 ",,,,,
,,,Gardner Denver Drill Parts ,,,,
Part Number,Quantity,Part Number,Quantity,Part Number,Quantity,Part Number,Quantity
CM75 ,1,COL806AB ,5,CYL16B ,14,CYL20D ,8
CM77 ,1,COL806AN ,1,CYL16D ,1,CYL20E ,1
CM79 ,2,COL806AW ,4,CYL16F ,54,CYL20F ,8
CM81A ,3,CS0005 ,2,CYL16G ,1,CYL20G ,34
CM83A ,2,CS0007 ,42,CYL16H ,99,CYL20H ,1
CM83B ,1,CS0008 ,99,CYL16J ,4,CYL21A ,3
CM84 ,1,CS0010 ,99,CYL16L ,6,CYL21B ,1
CM85 ,4,CS0012 ,77,CYL16M ,13,CYL22A ,2
CM87 ,7,CV2516 ,1,CYL16P ,57,CYL24C ,44
CM89A ,7,CV2517 ,1,CYL16Q ,14,CYL27A ,12
COL1005 ,3,CYL1B ,39,CYL17A ,1,CYL27C ,2
COL1066C ,1,CYL1C ,28,CYL17B ,1,CYL27D ,1
COL1066X7 ,1,CYL1D ,19,CYL18C ,2,CYL3G ,2
COL10667 ,2,CYL1E ,49,CYL18E ,1,CYL3L ,4
COL4 ,6,CYL1F ,4,CYL18H ,2,CYL3Q ,99
COL506AB ,6,CYL1H ,6,CYL18Z ,1,CYL31A ,2
COL506AN ,4,CYL1J ,99,CYL2B ,3,CYL31D ,3
COL506X7 ,1,CYL1K ,13,CYL2C ,14,CYL33A ,2
COL507A ,2,CYL1L ,2,CYL2D ,5,CYL34B ,18
COL508 ,1,CYL1N ,15,CYL2E ,40,CYL34C ,14
COL508A ,5,CYL1Q ,2,CYL2G ,44,CYL34D ,6
COL508AN ,43,CYL10 ,9,CYL2H ,1,CYL34E ,12
COL508BN ,1,CYL10C ,6,CYL2L ,24,CYL34F ,17
COL508CA ,7,CYL11B ,10,CYL2N ,56,CYL36A ,1
COL519 ,18,CYL14A ,1,CYL2P ,12,CYL36C ,10
COL607 ,5,CYL14B ,25,CYL2Q ,2,CYL36D ,2
COL608AB ,9,CYL14C ,2,CYL2ZB ,2,CYL36E ,5
COL608AN ,53,CYL14F ,15,CYL20B ,2,CYL5D ,9
COL806A ,1,CYL15A ,7,CYL20C ,12,CYL5E ,32
,,"LC VOUGHT GARDNER DENVER DRILL PARTS, PAGE 11 ",,,,,
,,,Gardner Denver Drill Parts ,,,,
Part Number,Quantity,Part Number,Quantity,Part Number,Quantity,Part Number,Quantity
CYL6D ,6,DH123D146 ,99,DH123147 ,18,DH12327RD ,18
CYL6G ,48,DH123D2A ,2,DH123147DA ,2,DH12329 ,93
CYL6H ,6,DH123D2D ,2,DH123147X ,2,DH12329B ,99
CYL7C ,21,DH123D2DY ,2,DH123149 ,44,DH1233A ,99
CYL8A ,2,DH123D2Y ,1,DH12315 ,1,DH1233X ,3
CYL8B ,2,DH123J1 ,5,DH12315B ,7,DH12333C34 ,16
CYL8C ,53,DH123J17DCS ,8,DH12315D ,99,DH12339 ,99
CYL8D ,11,DH123J202 ,2,DH12315X ,1,DH1237CR ,9
CYL8F ,25,DH123J203 ,7,DH123157 ,2,DH1237DR ,6
CYL8H ,2,DH123J207 ,5,DH123158 ,2,DH1237EB ,24
CYL8J ,11,DH1231BA ,7,DH123159 ,34,DH1237EC ,30
CYL8K ,4,DH1231BX ,1,DH12316 ,9,DH1237ED ,6
CYL8M ,11,DH1231L ,20,DH12317 ,1,DH1237EH ,2
C18 ,2,DH12310A36 ,14,DH12317B ,9,DH1237EJ ,15
C27B36B ,13,DH1231036 ,5,DH12317BC ,26,DH1237FN ,2
C27B36C ,8,DH12311A ,34,DH12317DA ,2,DH1237HR ,27
C27B36D ,2,DH12311A36 ,2,DH12317DC ,5,DH1237JR ,1
C2715 ,3,DH12311C ,99,DH12317E ,10,DH1237KL ,2
C2715CA ,2,DH12311E36 ,11,DH12317H ,61,DH1237L ,16
C2716A ,1,DH12311G36 ,2,DH12317J ,1,DH1237N ,5
C272 ,1,DH1231136 ,99,DH12317L ,1,DH1237NA ,3
C279 ,11,DH12312A ,15,DH1232 ,6,DH1237NB ,29
C38 ,1,DH12312B ,3,DH1232F ,3,DH1237NC ,62
C40 ,4,DH12312E ,3,DH1232L ,2,DH1239A ,19
C50 ,6,DH12313C ,17,DH1232P ,7,DH1239C ,2
C54 ,10,DH123133D ,24,DH12327C ,27,DH1239HA ,41
DA30 ,1,DH123133E ,2,DH12327G ,4,DH1431L ,1
DB903W ,19,DH12314C ,14,DH12327PG ,12,DH1431050 ,1
DC85 ,12,DH123146 ,47,DH12327R ,35,DH1431065 ,2
,,"LC VOUGHT GARDNER DENVER DRILL PARTS, PAGE 12 ",,,,,
,,,Gardner Denver Drill Parts ,,,,
Part Number,Quantity,Part Number,Quantity,Part Number,Quantity,Part Number,Quantity
DH14311 ,8,DH14340 ,1,DH9927G ,3,DMC847X ,2
DH14311B ,14,DH1437A ,2,DH9929N ,33,DMC851 ,5
DH1431150A ,3,DH1437C ,4,DH997CR ,99,DMC851N ,14
DH1431165A ,1,DH1437EC ,1,DH997E ,1,DMC851P ,46
DH14313T ,2,DH1437ND ,6,DH997L ,15,DMC854LB ,12
DH143133 ,2,DH99D2 ,2,DH999A ,1,DMC855RB ,2
DH143134 ,1,DH99J1 ,1,DMC1003PA ,2,DMC856LB ,14
DH143135 ,5,DH99J136 ,1,DMC1200C ,3,DMC857RB ,1
DH143146P ,3,DH9911A36 ,8,DMC725 ,20,DMC858LB ,1
DH143146T ,99,DH9911DA36 ,17,DMC783D ,39,DMC859LB ,1
DH143147 ,2,DH9911DA50 ,1,DMC786 ,99,DMC860RB ,1
DH143149A ,1,DH9911L ,50,DMC787 ,1,DMC861LB ,2
DH14315 ,2,DH9911P ,5,DMC790 ,1,DMC862RB ,1
DH14315B ,1,DH9912E ,12,DMC792 ,2,DMC871LB ,1
DH14315D ,4,DH9913C ,97,DMC796 ,4,DMC871RB ,1
DH143150 ,10,DH9913D ,8,DMC797S ,2,DMC872LB ,4
DH14316 ,3,DH9913E ,94,DMC802X ,1,DMC876RN ,1
DH14317 ,1,DH9913R ,99,DMC813 ,8,DMC877LN ,1
DH14317A ,2,DH9913T ,1,DMC818 ,7,DMC878R ,1
DH14317H ,1,DH9913X ,16,DMC819 ,1,DMC880 ,1
DH14317L ,5,DH99133 ,7,DMC825 ,5,DMC904 ,1
DH14317RC ,1,DH99134 ,38,DMC828 ,8,DMC917X ,1
DH1432A ,1,DH99135 ,31,DMC829 ,12,DMC920 ,1
DH14327 ,1,DH99136 ,35,DMC842 ,10,DMC924 ,3
DH14327H ,33,DH9917AC ,3,DMC843 ,9,DM107LA ,2
DH1433A ,3,DH9917LB ,1,DMC844LC ,1,DM1089 ,1
DH1433D ,22,DH9917RLB ,3,DMC845RB ,2,DM204 ,1
DH1433N ,15,DH992 ,2,DMC846LB ,4,DM303 ,18
DH14339 ,3,DH992R ,99,DMC847 ,73,DM303A ,12
,,"LC VOUGHT GARDNER DENVER DRILL PARTS, PAGE 13 ",,,,,
,,,Gardner Denver Drill Parts ,,,,
Part Number,Quantity,Part Number,Quantity,Part Number,Quantity,Part Number,Quantity
DM303C ,99,DM901M ,1,DPU11 ,10,D73B3C ,4
DM304 ,85,DM902B ,13,DPU11CS ,2,D73HRR17H ,43
DM305 ,14,DM973 ,2,DPU11DX ,1,D73HRR36 ,2
DM307 ,6,DM973F ,1,DPU11RS ,1,D73HRR36D ,1
DM308AB ,10,DPAT2 ,1,DPU12A ,62,D73HRR36E ,8
DM309B ,4,DPAT6 ,1,DPU12GE3 ,94,D73H146 ,11
DM427A ,99,DPAT86 ,1,DPU21X ,1,D73H146W ,99
DM429 ,14,DPCO16S ,1,DPU26 ,2,D73H147X ,1
DM430 ,8,DPCO20S ,2,DPU3 ,41,D73H149 ,90
DM433 ,8,DPCO7 ,2,DPU32LX1B ,1,D73N12E ,2
DM433B ,5,DPCO8 ,1,DPU34 ,8,D73N2A ,1
DM433C ,5,DPCO9 ,18,DPU36 ,99,D731BA ,1
DM433D ,10,DPT1BX ,1,DPU4 ,10,D731P ,20
DM433F ,6,DPT11EX ,9,DPU4R ,2,D731SA ,3
DM435 ,10,DPT12A ,13,DPU6 ,1,D731W ,99
DM438 ,11,DPT12GE16 ,99,DP102 ,1,D7311 ,99
DM438X ,5,DPT12GE26 ,99,DP114 ,21,D731138 ,2
DM439 ,22,DPT3 ,56,DP116 ,10,D7312E ,12
DM473F ,2,DPT36 ,99,DP154 ,28,D7315BA ,2
DM4812Y ,4,DPT4 ,24,DP158 ,1,D7315P ,1
DM504 ,99,DPT4D ,99,DP162 ,1,D7317 ,1
DM504A ,99,DPT5C ,53,D12311A ,99,D7317D ,2
DM504H ,17,DPT79A129 ,43,D12311G36 ,55,D732W ,2
DM658A ,6,DPT79A69 ,96,D1232F ,3,D732635 ,25
DM7310HAX ,2,DPT86 ,6,D1232FX ,2,D7327 ,3
DM7311B ,4,DPU1 ,2,D12327E ,29,D733 ,4
DM8313 ,43,DPU1BZ ,1,D73B12A ,1,D733C ,3
DM850F ,1,DPU10 ,3,D73B2 ,1,D733S ,67
DM850FA ,3,DPU10RS ,1,D73B27 ,10,D733334 ,4
,,"LC VOUGHT GARDNER DENVER DRILL PARTS, PAGE 14 ",,,,,
,,,Gardner Denver Drill Parts ,,,,
Part Number,Quantity,Part Number,Quantity,Part Number,Quantity,Part Number,Quantity
D7334 ,6,D7927 ,1,D8312D ,5,D891150 ,1
D7336J ,23,D7927B ,40,D832C ,2,D8912E ,2
D7336JA ,5,D7927G ,11,D8329 ,10,D8912H ,3
D7336N ,8,D7927WB ,1,D8329D ,1,D8913C ,6
D737C ,9,D7929S ,28,D8329W ,10,D8913W ,99
D737D ,2,D793A ,18,D833F ,11,D89146 ,42
D739 ,3,D793N ,99,D8340 ,33,D89147 ,51
D79B27 ,6,D793S ,16,D89BH12 ,2,D8915P ,30
D79B7E ,10,D7933A ,56,D89BH12A ,3,D8917L ,1
D79B7L6F ,3,D7936F ,3,D89BH15A ,2,D8917LA ,6
D79B7L6H ,6,D7936J ,3,D89BH15E ,6,D8917TA ,2
D79B7TL6F ,66,D797B ,20,D89BH16 ,1,D892A ,41
D79DW27 ,2,D797BJ ,6,D89BH16E ,6,D892PA ,2
D79J147 ,1,D797BK ,9,D89BH9 ,11,D893BA ,13
D79J147X ,1,D797E ,15,D89BN2Y ,1,D893C ,5
D791AS ,1,D797F ,7,D89B1FS ,2,D893N ,4
D791L ,11,D797FC ,5,D89B10L38 ,7,D8932C ,9
D791MS ,1,D798WL ,1,D89B1138 ,12,D8933A ,14
D791038 ,28,D799A ,19,D89B1150 ,19,D89641 ,1
D791042 ,36,D799B ,2,D89B2B ,2,D897 ,1
D791138 ,3,D799C ,1,D89B27B ,1,D897B ,5
D791142 ,36,D799G ,1,D89B33 ,8,D897BDK ,1
D7912A ,7,D83N40 ,2,D89B7E ,11,D897BDL ,4
D7915 ,11,D83N40X ,1,D89B9 ,3,D897BK ,23
D7915BA ,2,D83N41 ,34,D89B9A ,15,D897BN ,59
D7915D ,6,D83N42 ,30,D89D2BW ,2,D897C ,1
D7916B ,18,D83N43 ,99,D89D3S ,7,D897CJ ,5
D7917 ,1,D83N44 ,13,D89D7BL ,2,D897CK ,10
D7917C ,2,D83N45 ,99,D891AL ,41,D897CL ,55
,,"LC VOUGHT GARDNER DENVER DRILL PARTS, PAGE 15 ",,,,,
,,,Gardner Denver Drill Parts ,,,,
Part Number,Quantity,Part Number,Quantity,Part Number,Quantity,Part Number,Quantity
D897EA ,1,D93J2HA ,1,D9313T ,14,D937DL ,1
D897FL ,8,D93J27B ,1,D9313TX ,63,D937E ,1
D897FTB ,1,D93J27D ,40,D9313X ,2,D937HA ,6
D897TF ,1,D93J27F ,5,D93146 ,43,D937KL ,52
D898 ,6,D93J27G ,78,D93147 ,79,D937L ,16
D899A ,7,D93J46 ,3,D93147X ,4,D937LA ,75
D93AR15P ,20,D93J49 ,99,D9315A ,1,D937N ,8
D93AR15PS ,3,D93N27NA ,39,D9315B ,30,D937TCLF ,46
D93AR15Q ,42,D93N27NTA ,50,D9315D ,99,D937TCLH ,33
D93AR17A ,1,D931B ,23,D9316 ,75,D939 ,1
D93AR17C ,1,D931BX ,5,D9317 ,1,D939HA ,13
D93AR27 ,1,D931LA ,2,D9317A ,6,D99A17LA ,2
D93AR27J ,36,D931LB ,19,D932CA ,3,D99DW27 ,55
D93AR3M ,1,D931LC ,3,D932CAX ,1,D99DW27D ,12
D93AR64 ,27,D931SA ,5,D932Z ,1,D99D1B ,3
D93AR67J ,5,D931SC ,1,D9327 ,23,D99D1CA ,1
D93AR67K ,3,D931SD ,4,D9327A ,56,D99D1CE ,1
D93AR67P ,6,D931034 ,1,D9327F ,99,D99D1L ,5
D93AR69 ,21,D931038 ,65,D9327G ,61,D99D1ST ,5
D93AR7 ,1,D931042 ,51,D9327GA ,2,D99D1VA ,3
D93AR7T6F ,28,D931050 ,3,D9327J ,3,D99D1136 ,4
D93AR7T6H ,3,D931138 ,63,D9329B ,1,D99D1150 ,25
D93AR7T6P ,12,D931142 ,31,D9329W ,40,D99D15 ,18
D93AR70 ,3,D931150 ,34,D933 ,99,D99D2BW ,1
D93AR9 ,1,D9312D ,1,D933334 ,11,D99D2C ,1
D93D1138 ,81,D9312E ,18,D9346 ,53,D99D27C ,56
D93D9A ,99,D9313D ,99,D937 ,16,D99D27F ,12
D93J2B ,3,D9313E ,99,D937CK ,8,D99D27R ,15
D93J2H ,1,D9313R ,99,D937CLF ,75,D99D29 ,65
,,"LC VOUGHT GARDNER DENVER DRILL PARTS, PAGE 16 ",,,,,
,,,Gardner Denver Drill Parts ,,,,
Part Number,Quantity,Part Number,Quantity,Part Number,Quantity,Part Number,Quantity
D99D39 ,90,D9917AC ,1,ERP6 ,99,FL3B11 ,16
D99D56 ,2,D9917CX ,1,ERP9 ,99,FL3B12 ,99
D99D57 ,2,D9927 ,41,ESC12 ,2,FL3B13 ,99
D99D58A ,3,D9927C ,1,ESC13 ,4,FL3B15 ,67
D99D59 ,1,D9927G ,40,ESC15 ,2,FL3B16 ,99
D99D60 ,8,D993A ,6,ESF10 ,7,FL3B17 ,89
D99D7BL ,1,D993AX ,6,ESF14 ,18,FL3B19 ,34
D99D9 ,1,D9933 ,33,ESF16 ,8,FL3B31 ,1
D99E1042L ,1,D997BDL ,13,ESF20 ,2,FL3B9P ,3
D99E27C ,4,D997BL ,5,FH3 ,6,FL331A ,8
D99E9A ,2,D997BR ,2,FH47 ,5,FL5A LEG ,1
D99N12A ,2,D997E ,8,FH48 ,2,FL5A29 ,99
D99N27L ,98,D997EB ,11,FH49 ,2,FL5A33AS2 ,2
D991C ,2,D997F ,14,FH54 ,1,FL5A33AS3 ,1
D991L ,7,D997FB ,6,FH55 ,1,FL5A33AS4 ,1
D991S ,2,D997N ,11,FH7 ,13,FL5A36 ,13
D991ST ,2,D997NB ,99,FH9 ,4,FL518 ,1
D9910A36 ,9,D999A ,3,FH90 ,16,FL520L ,99
D991036 ,6,D999AA ,1,FH91 ,3,FL521 ,99
D991050 ,9,ERP10 ,9,FL2A38 ,2,FL521W ,36
D991136 ,25,ERP12 ,2,FL221 ,22,FL525A3 ,6
D991150 ,2,ERP13 ,14,FL223A ,2,FL527 ,22
D9912 ,9,ERP16 ,4,FL239 ,24,FL528A ,20
D9912E ,2,ERP18 ,3,FL239S ,8,FL528B ,20
D9915A ,6,ERP22 ,2,FL249 ,1,FL530A ,7
D9915BA ,1,ERP31 ,12,FL257A ,7,FL530B ,21
D9915X ,3,ERP33 ,38,FL274 ,6,FL543 ,16
D9916A ,16,ERP50 ,35,FL275 ,6,FL543X ,3
D9917 ,2,ERP53 ,15,FL276 ,5,FL590A ,20
,,"LC VOUGHT GARDNER DENVER DRILL PARTS, PAGE 17 ",,,,,
,,,Gardner Denver Drill Parts ,,,,
Part Number,Quantity,Part Number,Quantity,Part Number,Quantity,Part Number,Quantity
FL591 ,11,FL729 ,5,FL990 ,17,G622 ,4
FL594 ,99,FL731 ,1,FL990X ,1,G626 ,2
FL595 ,99,FL733DS ,2,FL994 ,7,G627 ,2
FL597 ,35,FL738A ,3,FL995 ,3,G660 ,1
FL599 ,64,FL739S ,2,GD102 ,5,G7F101 ,2
FL625F ,1,FL743N ,1,GD1053 ,8,G7F104 ,1
FL625‐2 ,1,FL743X ,4,GD1054 ,1,G7F107 ,1
FL627 ,31,FL790 ,1,GD1087 ,18,G7F152A ,1
FL630DB ,6,FL790X ,2,GD1089 ,4,G7F1800 ,1
FL631 ,1,FL791A ,2,GD1422 ,2,G7F41A ,3
FL643 ,5,FL799 ,9,GD14273 ,6,G7F5 ,1
FL643X ,19,FL8 LEG ,3,GD14275 ,7,G7F7 ,1
FL7 LEG ,3,FL820 ,1,GD14437 ,4,G7F76A ,1
FL7201 ,43,FL820M ,14,GD1447 ,1,G7F86C ,1
FL7202 ,13,FL8208 ,7,GD1487 ,2,HA23 ,1
FL7202X ,2,FL8209 ,29,GD17147 ,1,HA24 ,4
FL7203 ,1,FL825E ,1,GD9102A ,6,HA241L ,1
FL7205D ,1,FL827 ,1,GD9112 ,8,HA241R ,1
FL7205E ,22,FL831 ,1,GD9140 ,13,HA28R ,1
FL7206 ,21,FL838A ,6,GD9144A ,1,HBA50 ,1
FL7207 ,1,FL925E ,10,GD9248 ,1,HBD13A ,24
FL7208 ,2,FL927 ,74,GD942 ,1,HBD18B ,56
FL7209 ,1,FL929D ,32,GD946 ,2,HBD18BA ,87
FL721 ,19,FL931A ,4,GD96A ,1,HBD18BB ,49
FL7210A ,2,FL938 ,99,GD97A ,2,HBD3DAL ,2
FL7211 ,65,FL943 ,2,GD990D ,3,HBD31K ,2
FL725D ,2,FL943X ,3,GD990X ,2,HBD32 ,3
FL725E ,2,FL986 ,81,GD994 ,5,HBD33 ,3
FL727A ,8,FL987 ,29,G61600 ,1,HBD36 ,3
,,"LC VOUGHT GARDNER DENVER DRILL PARTS, PAGE 18 ",,,,,
,,,Gardner Denver Drill Parts ,,,,
Part Number,Quantity,Part Number,Quantity,Part Number,Quantity,Part Number,Quantity
HBD37 ,3,HDM434 ,7,HEE7 ,51,HKE39 ,2
HBD38 ,3,HDM435 ,4,HEE8 ,3,HKE4D ,19
HBD39 ,12,HDM49A ,4,HEE8C ,12,HKE40 ,3
HBD39E ,3,HDM55 ,1,HE1 ,1,HKE51 ,3
HBD4F ,8,HDM71E ,4,HE2S ,1,HKE51X ,1
HBD40 ,1,HDM75 ,1,HE31 ,1,HKE53 ,21
HBD51AX ,1,HDM78A ,2,HKD2 ,5,HKE53L ,12
HBD53 ,27,HDM78B ,1,HKD36 ,3,HKE55L ,6
HBD53L ,10,HDM78D ,3,HKD37H ,1,HKE56 ,12
HBD55 ,17,HDM79B ,1,HKD41B ,3,HKE59 ,5
HBD55L ,81,HDM79C ,1,HKD43B ,1,HKE60 ,6
HB10 ,2,HDM91 ,6,HKD53 ,1,HKE60L ,6
HB13 ,1,HDM92G ,1,HKD55 ,1,HKE60R ,6
HB2 ,1,HEE1 ,14,HKD63 ,2,HKJ1 ,1
HB2S ,1,HEE1A ,1,HKE13A ,2,HKJ1A ,1
HB21 ,4,HEE1B ,1,HKE16CA ,1,HKJ10 ,1
HB25 ,81,HEE1X ,24,HKE18B ,99,HKJ18 ,2
HB32 ,2,HEE101 ,1,HKE18BC ,4,HKJ3 ,25
HB34 ,1,HEE12 ,1,HKE18BD ,12,HKJ47X ,3
HB35 ,1,HEE14S ,1,HKE20 ,1,HKJ6 ,2
HB48 ,1,HEE16 ,1,HKE20R ,6,HKJ7 ,1
HB55 ,2,HEE2 ,14,HKE3E ,4,HKJ8 ,1
HDM39A ,1,HEE3 ,47,HKE30S ,1,HKK1X ,1
HDM41A ,1,HEE4 ,1,HKE31B ,3,HK10D ,3
HDM43A ,2,HEE6 ,51,HKE32 ,2,HK13 ,3
HDM433 ,16,HEE60 ,7,HKE33 ,6,HK15 ,1
HDM433D ,23,HEE60L ,10,HKE36 ,3,HK15CX ,1
HDM433F ,31,HEE60P ,3,HKE37 ,3,HK19 ,6
HDM433G ,42,HEE60R ,6,HKE38A ,2,HK21 ,1
,,"LC VOUGHT GARDNER DENVER DRILL PARTS, PAGE 19 ",,,,,
,,,Gardner Denver Drill Parts ,,,,
Part Number,Quantity,Part Number,Quantity,Part Number,Quantity,Part Number,Quantity
HK34 ,1,JB7100171 ,2,JB7147793 ,2,JB7170736 ,4
HK36 ,1,JB7105143 ,1,JB7151814 ,2,JB7170766 ,1
HK38 ,1,JB7105690 ,3,JB7153022 ,1,JB7170767 ,2
HK4 ,4,JB7106086 ,1,JB7153108 ,3,JB7170769 ,1
HK44 ,1,JB7106105 ,1,JB7153113 ,2,JB7170795 ,7
HK46 ,1,JB7106682 ,4,JB7153928 ,2,JB7170796 ,7
HK5 ,2,JB7106730 ,1,JB7155021 ,1,JB7170797 ,2
HK6 ,4,JB7107837 ,1,JB7157772 ,1,JB7170798 ,2
HK7BX ,1,JB7108563 ,1,JB7157795 ,10,JB7170802 ,3
HMK1 ,7,JB7110962 ,1,JB7158695 ,1,JB7171019 ,3
HMK1B ,1,JB7118011 ,1,JB7161831 ,9,JB7171020 ,2
HMK11 ,1,JB7118012 ,4,JB7161970 ,4,JB7171030 ,4
HMK14 ,1,JB7120112 ,2,JB7162008 ,1,JB7171337 ,2
HMK2SA ,3,JB7120296 ,99,JB7162068 ,1,JB7172195 ,4
HMK5 ,1,JB7121399 ,2,JB7162479 ,2,JB7172203 ,2
HMS39 ,1,JB7121702 ,1,JB7163220 ,4,JB7172516 ,2
HMS5 ,1,JB7122785 ,4,JB7163739 ,2,JB7172761 ,30
HMS74 ,8,JB7122787 ,1,JB7163946 ,7,JB7173015 ,4
HMS76 ,7,JB7124366 ,1,JB7166179 ,2,JB7173030 ,7
HMT15M29 ,2,JB7124367 ,12,JB7166827 ,5,JB7173031 ,2
HMT570 ,4,JB7124853 ,1,JB7166900 ,1,JB7173078 ,4
HMT595S ,1,JB7124898 ,13,JB7167123 ,2,JB7173133 ,1
HP1219 ,2,JB7124899 ,10,JB7167195 ,1,JB7174368 ,10
H81146 ,2,JB7124900 ,9,JB7168661 ,1,JB7175136 ,5
H8116AF ,2,JB7124901 ,7,JB7170175 ,1,JB7175231 ,5
H8118R ,10,JB7127580 ,4,JB7170180 ,1,JB7175237 ,11
H8118S ,11,JB7141729 ,1,JB7170451 ,2,JB7177531 ,1
H8118T ,9,JB7144203 ,2,JB7170614 ,2,JB7180445 ,2
H8128 ,37,JB7147688 ,8,JB7170615 ,1,JB7184501 ,7
,,"LC VOUGHT GARDNER DENVER DRILL PARTS, PAGE 20 ",,,,,
,,,Gardner Denver Drill Parts ,,,,
Part Number,Quantity,Part Number,Quantity,Part Number,Quantity,Part Number,Quantity
JB7186229 ,2,JTE53 ,1,LO12A21S ,1,LO302 ,11
JB7186459 ,2,JTI1C ,1,LO12A35 ,4,LO7 ,2
JB7186581 ,2,JTI144 ,1,LO12A39A ,1,LO711 ,99
JB7186734 ,4,JTI2S ,2,LO1213A ,8,LO76A ,9
JB7193229 ,2,JTI3 ,3,LO1217A ,1,LO76AX ,99
JB7193261 ,2,JTI4 ,4,LO1219A ,6,LO77 ,99
JB7195350 ,1,JTI7 ,8,LO1221S ,1,LO78AX ,22
JB7200138N ,1,JTI8 ,1,LO1227 ,10,LO79 ,3
JB7200325 ,1,JTT1C ,6,LO1229 ,18,LO8 ,1
JB7202336 ,2,JTT86 ,11,LO123A ,15,LO9 ,1
JB7203697 ,1,JTW86 ,5,LO1231 ,8,LT507 ,2
JMA7 ,4,JT2Y ,1,LO1233 ,3,MA2A3 ,2
JTB12GE19 ,40,JT6 ,2,LO1233A ,3,MA2A7 ,1
JTB12GE20 ,48,J7025A ,2,LO1235X ,14,MA2G ,1
JTB12GE21 ,65,J86 ,1,LO12350 ,15,MA2G1 ,1
JTB144 ,1,J92 ,1,LO12351 ,14,MA2G20 ,2
JTB79A ,9,K10 ,8,LO12353 ,5,MA2G35 ,1
JTB79D ,5,K12 ,3,LO12355 ,1,MA2G37 ,3
JTB79S ,5,K15 ,10,LO12357 ,8,MA2G38 ,1
JTB81 ,11,K16 ,17,LO1237 ,18,MA2G39 ,2
JTB811 ,7,K3 ,11,LO1241A ,7,MA2G40 ,1
JTB84S ,2,K7 ,15,LO125 ,8,MA2H ,1
JTB85 ,23,LNP21 ,82,LO126 ,5,MA2MC141 ,30
JTB86 ,5,LNP30 ,12,LO127 ,2,MA2MC141P ,25
JTB86B ,23,LON300 ,2,LO129 ,4,MA2MC200 ,1
JTB86C ,14,LON50 ,1,LO15A ,1,MA2MC202 ,3
JTE12GE14 ,4,LON500 ,1,LO152A ,1,MA2MC40A ,24
JTE12GE15 ,4,LO11A ,1,LO153 ,13,MA2MSUB2 ,1
JTE12GE25 ,2,LO12A ,6,LO154 ,2,MA2MSU1 ,2
,,"LC VOUGHT GARDNER DENVER DRILL PARTS, PAGE 21 ",,,,,
,,,Gardner Denver Drill Parts ,,,,
Part Number,Quantity,Part Number,Quantity,Part Number,Quantity,Part Number,Quantity
MA2MSU101L ,3,MA2MS201A ,1,MA213 ,6,MA3MC38 ,1
MA2MSU101R ,7,MA2MS213 ,11,MA218 ,8,MA3MC40 ,1
MA2MSU113 ,13,MA2MS214 ,3,MA220P ,11,MA3MC93 ,1
MA2MSU116 ,19,MA2MS216 ,4,MA222 ,64,MA3RMGB ,1
MA2MSU142S ,76,MA2MS24 ,30,MA223 ,99,MA3RMR ,1
MA2MSU143 ,1,MA2MS3A ,8,MA224 ,83,MA3RM1 ,1
MA2MSU144 ,18,MA2MS3P ,7,MA226A ,78,MA3RM1R ,1
MA2MSU146 ,1,MA2MS300 ,8,MA227 ,99,MA3RM1X ,1
MA2MSU196 ,1,MA2MS4 ,4,MA23D ,13,MA3RM18 ,1
MA2MSU213 ,1,MA2MS412 ,1,MA230A ,4,MA3RM2 ,4
MA2MSU44 ,28,MA2MS412X ,1,MA262270 ,1,MA3RM3 ,1
MA2MSU87 ,4,MA2MS414 ,10,MA3A1A ,3,MA3RM3A ,1
MA2MSU92A ,3,MA2MS502 ,7,MA3A3 ,23,MA3RM34A ,2
MA2MSU95 ,99,MA2MS612 ,2,MA3A3D ,7,MA3RM35A ,1
MA2MSU96 ,28,MA2MS8 ,13,MA3A7 ,7,MA3RM37 ,7
MA2MS11 ,29,MA2MS85 ,4,MA3A70 ,5,MA3RM38 ,19
MA2MS11P ,5,MA2MS85X ,9,MA3GS6 ,1,MA3RM4 ,10
MA2MS112 ,1,MA2MS85Y ,2,MA3G1 ,1,MA3RM4DA ,7
MA2MS113 ,20,MA2MS86A ,9,MA3G140 ,4,MA3RM40 ,10
MA2MS113P ,4,MA2MS87 ,3,MA3G20 ,8,MA3RM41 ,6
MA2MS116 ,10,MA2MS88 ,9,MA3G25 ,4,MA3RM42 ,4
MA2MS119A ,20,MA2MS89 ,13,MA3G38 ,10,MA3RM5 ,1
MA2MS13 ,3,MA2RM1 ,1,MA3G38B ,5,MA3RM6 ,1
MA2MS140 ,2,MA2RM13 ,13,MA3G38D ,4,MA3RM8 ,10
MA2MS18A ,18,MA2RM20A ,1,MA3G39 ,8,MA3RM9 ,6
MA2MS18L ,42,MA2RM38 ,15,MA3G40B ,6,MA311 ,9
MA2MS182A ,3,MA2RM83 ,4,MA3G40N ,2,MA318E ,1
MA2MS19 ,29,MA211 ,1,MA3G40R ,13,MA318L ,5
MA2MS192A ,10,MA212 ,7,MA3G40SA ,6,MA319 ,27
,,"LC VOUGHT GARDNER DENVER DRILL PARTS, PAGE 22 ",,,,,
,,,Gardner Denver Drill Parts ,,,,
Part Number,Quantity,Part Number,Quantity,Part Number,Quantity,Part Number,Quantity
MA322 ,48,MB19 ,27,MCA224 ,16,ME MOTOR ,1
MA323 ,99,MB2 ,10,MCA225 ,3,MEBT1A ,1
MA324 ,21,MB20 ,1,MCA251 ,6,MEBT1C ,2
MA325 ,40,MB22 ,6,MCA264 ,7,MEGP40A ,1
MA326B ,10,MB23 ,99,MCA268 ,1,MEGS3FB ,1
MA326N ,10,MB24 ,21,MCA275 ,1,MEGS31 ,1
MA326WA ,8,MB25 ,74,MCA386AB ,7,MEG40B ,2
MA327 ,56,MB26 ,99,MCA419DC ,23,MEG40D ,2
MA328B ,2,MB27 ,64,MCA419F ,3,MEHTA ,1
MA328X ,10,MB28 ,10,MCA419G ,12,MEHTB ,1
MA330 ,1,MB29 ,22,MCA419H ,4,MEHT1001 ,1
MA330B ,1,MB30X ,2,MCA419J ,4,MERM ,3
MA330D ,2,MB31 ,4,MCA419K ,8,MERM1 ,1
MA331 ,6,MB32 ,2,MCA419M ,6,MERM1R ,4
MA332 ,1,MB33 ,10,MCA419N ,1,MERM18 ,12
MA342 ,99,MB37 ,2,MCA419P ,3,MERM2 ,2
MB ,2,MB38 ,2,MCA419Q ,10,MERM34 ,1
MBA1A ,3,MB40 ,3,MCA419R ,5,MERM35 ,6
MBB1V ,1,MB43 ,1,MCA422AB ,35,MERM36 ,99
MBGS ,1,MB45 ,4,MCA422D ,18,MERM40 ,11
MBG1 ,5,MB46A ,18,MCA422N ,99,MERM42 ,7
MBG20A ,17,MB5 ,2,MCA422P ,19,MERM6 ,8
MBG40A ,23,MB52 ,28,MCA422Q ,23,MERM86 ,1
MBG40R ,14,MB54 ,2,MCA422S ,3,ME11 ,11
MBG5 ,25,MB56 ,2,MCA422T ,5,ME13 ,18
MB1A ,1,MB8 ,1,MCA422U ,4,ME24 ,37
MB11A ,2,MB9 ,2,MCA422W ,2,ME25 ,99
MB13B ,1,MCA116 ,2,MCA422X ,4,ME30X ,21
MB18 ,9,MCA196 ,1,MCA491 ,1,MKA1A ,2
,,"LC VOUGHT GARDNER DENVER DRILL PARTS, PAGE 23 ",,,,,
,,,Gardner Denver Drill Parts ,,,,
Part Number,Quantity,Part Number,Quantity,Part Number,Quantity,Part Number,Quantity
MKA3 ,6,MK23 ,99,MMGC63 ,30,MR70A3 ,1
MKA7 ,5,MK24 ,34,MMGC63350 ,1,MR70A4 ,2
MKGP1A ,1,MK25 ,41,MMGC64 ,1,MR70A5 ,2
MKGP20 ,1,MK26 ,99,MMGC65 ,14,MR70A6 ,2
MKGP30S ,1,MK27 ,34,MMGC66 ,12,MR70A7 ,2
MKGP37 ,5,MK28 ,41,MMGC67 ,25,MR70C19A ,6
MKGP37B ,3,MK29 ,23,MMG40R ,4,MR70C2 ,1
MKGP38B ,1,MK3 ,4,MMLIA ,19,MOTOR ,
MKGP51S ,1,MK30A ,1,MM11 ,9,NA12 ,1
MKG1 ,5,MK30Y ,15,MM13 ,1,NA13 ,99
MKG1B ,1,MK31 ,1,MM18 ,21,NB15 ,32
MKG38 ,1,MK32 ,31,MM20 ,8,NB59 ,11
MKG40R ,1,MK33 ,20,MM22 ,11,NB61 ,8
MKG40SA ,1,MK37 ,3,MM23 ,99,NC38 ,1
MKL13 ,2,MK38A ,2,MM24 ,26,NC56 ,1
MKL2S ,1,MK39 ,5,MM25 ,45,NC66 ,9
MKU2S ,1,MK4 ,4,MM31 ,18,NC70 ,1
MKU50 ,1,MK43 ,6,MM37 ,5,NDL7 ,1
MKU52 ,12,MK5 ,12,MM38 ,2,NDL9 ,13
MKU6 ,4,MK7A ,10,MM39 ,12,NDN5 ,9
MK1A ,2,MK8A ,6,MOL5042B ,2,NFC6 ,16
MK10 ,8,MK9A ,5,MR30A1 ,1,NFF15 ,25
MK11 ,10,MM ,2,MR30A10 ,6,NFF5 ,4
MK1152 ,1,MMBT1A ,1,MR30A7 ,1,NFF7 ,14
MK13B ,1,MMGC ,2,MR30C19A ,2,NH10 ,50
MK18 ,2,MMGC53S ,1,MR50A11K ,37,NH108 ,59
MK20 ,4,MMGC54S ,12,MR50A6 ,2,NH108H ,75
MK21 ,82,MMGC61157 ,7,MR50A9M ,7,NH15 ,46
MK22 ,56,MMGC62 ,1,MR70 MOTOR ,2,NH16 ,4
,,"LC VOUGHT GARDNER DENVER DRILL PARTS, PAGE 24 ",,,,,
,,,Gardner Denver Drill Parts ,,,,
Part Number,Quantity,Part Number,Quantity,Part Number,Quantity,Part Number,Quantity
NH17 ,1,OG26 ,99,OR12 ,99,OR6 ,99
NH20 ,2,OG28 ,99,OR13 ,99,OR7 ,99
NH22 ,20,OG3 ,99,OR14 ,26,OR8 ,99
NH23 ,11,OG34 ,1,OR15 ,99,OR9 ,99
NH30 ,4,OG39 ,1,OR16 ,99,OS103 ,6
NH34 ,11,OG4 ,99,OR17 ,99,OS105 ,4
NH87 ,1,OG5 ,99,OR18 ,99,OS108 ,2
NJF38 ,63,OG6 ,99,OR19 ,99,OS19 ,1
NJ10 ,22,OG7 ,99,OR20 ,99,OS20 ,1
NJ5 ,68,OG8 ,99,OR21 ,99,OS24 ,4
NJ69 ,8,ORP012B ,1,OR23 ,99,OS3 ,1
NT15H ,99,ORP116A ,99,OR24 ,99,OS45 ,1
NT59H ,11,ORP210B ,83,OR25 ,99,OS47 ,1
NZ163 ,15,ORP214B ,99,OR26 ,99,OS48 ,1
NZ18 ,1,ORP218B ,99,OR27 ,99,OS49 ,12
NZ20 ,23,ORP344B ,28,OR3 ,99,OS52 ,1
NZ209 ,32,ORP437B ,2,OR31 ,99,OS53 ,30
OG1 ,14,ORS117 ,99,OR33 ,99,OS54 ,8
OG10 ,99,ORS132 ,23,OR34 ,99,OS56 ,1
OG11 ,99,ORS139 ,10,OR35 ,99,OS60 ,16
OG118 ,1,ORS142 ,1,OR36 ,7,OS62 ,9
OG12 ,99,ORS143 ,99,OR38 ,99,OS66 ,2
OG15 ,3,ORS147 ,99,OR39 ,99,OS69 ,12
OG16 ,99,ORS17 ,99,OR40 ,8,OS72 ,1
OG19 ,99,ORS24 ,6,OR41 ,99,OS77 ,11
OG2 ,99,ORS28 ,1,OR42 ,20,OS86 ,11
OG20 ,99,OR1 ,99,OR49 ,25,OS94 ,4
OG21 ,99,OR10 ,99,OR5 ,99,PBH19 ,35
OG22 ,99,OR11 ,99,OR50 ,26,PB20 ,26
,,"LC VOUGHT GARDNER DENVER DRILL PARTS, PAGE 25 ",,,,,
,,,Gardner Denver Drill Parts ,,,,
Part Number,Quantity,Part Number,Quantity,Part Number,Quantity,Part Number,Quantity
PB21 ,10,PR123J146R ,15,PR1233X ,6,PR133J27P ,7
PB39 ,1,PR123J2 ,2,PR12339D ,20,PR133J29D ,99
PC3 ,2,PR123J2A ,12,PR12364 ,15,PR133J3 ,2
PL7 ,2,PR123J27D ,12,PR12365A ,9,PR133J3D ,6
PM5 ,9,PR123J27DA ,12,PR1237DN ,4,PR133J3N ,10
PM6 ,46,PR123J27K ,1,PR1237EB ,1,PR133J39D ,7
PM72 ,2,PR123J27KA ,6,PR1237EC ,1,PR133J7N ,1
PM9 ,95,PR123J27P ,35,PR1237ED ,3,PR133J80 ,4
PNE4 ,1,PR123J81A ,1,PR12380A ,2,PR133J81 ,1
PP1A ,3,PR123J81B ,3,PR12381 ,1,PR133J81A ,2
PP2A ,72,PR123J86 ,6,PR12381A ,1,PR133J86 ,1
PP3 ,30,PR1231B ,3,PR12382 ,7,PR133J9H ,20
PP3A ,2,PR1231BX ,3,PR12383A ,1,PR143J68 ,2
PP4A ,4,PR12312 ,1,PR12384 ,6,PR14383 ,2
PP5 ,34,PR123132 ,6,PR12385 ,12,PR14383RS ,5
PP5A ,9,PR12315D ,99,PR12387 ,28,PR14385 ,5
PP7A ,23,PR12315P ,6,PR12388 ,2,PSF3 ,2
PP8C ,1,PR12315X ,4,PR12389A ,12,PS18 ,1
PP9 ,1,PR12317F ,10,PR1239F ,2,PT64 ,2
PRP1 ,99,PR12317R ,1,PR1239H ,2,P4 ,3
PRP11 ,99,PR1232 ,6,PR12391 ,9,RB10412C ,1
PRP12 ,99,PR123200C ,7,PR133J1BX ,1,RB10412E ,1
PRP13 ,99,PR123204C ,3,PR133J117 ,2,RB10418D ,1
PRP2 ,58,PR12327 ,10,PR133J15P ,2,RB10418P ,52
PRP3 ,99,PR12327A ,5,PR133J17 ,1,RB10418S ,99
PRP6 ,99,PR12327JA ,99,PR133J17B ,2,RB1042W ,5
PRP7 ,26,PR12327P ,9,PR133J17L ,3,RB10421 ,99
PR123BB85 ,5,PR12329D ,85,PR133J2A ,1,RB10430 ,4
PR123J13A ,4,PR1233 ,30,PR133J27D ,7,RB1047B ,25
,,"LC VOUGHT GARDNER DENVER DRILL PARTS, PAGE 26 ",,,,,
,,,Gardner Denver Drill Parts ,,,,
Part Number,Quantity,Part Number,Quantity,Part Number,Quantity,Part Number,Quantity
RB1047F ,3,RB8312C ,1,RB834J ,68,RB9420PA ,1
RB531B ,4,RB83146 ,99,RB834K ,99,RB9424A ,1
RB531128 ,6,RB83147 ,10,RB834T ,32,RB9425 ,8
RB5315D ,11,RB83147X ,10,RB835D ,99,RB9427H ,16
RB5319 ,1,RB8318HA ,1,RB835RS ,37,RB9427HA ,49
RB532D ,34,RB8318J ,2,RB837D ,66,RB943 ,3
RB532P ,15,RB8319 ,1,RB8380RAS24 ,1,RB943X ,9
RB5325 ,3,RB8319D ,41,RB8385 ,54,RB94EB ,4
RB5326J ,1,RB832X ,1,RB8386 ,57,RB945PLS ,3
RB5327TE ,75,RB8324 ,22,RB94SSB1138 ,1,RB947AB ,5
RB5327TW ,61,RB8325 ,25,RB94SS1135 ,6,RB947H ,11
RB5327W ,17,RB8327TK ,16,RB94SS15B ,5,RB947LDB ,2
RB5327WS ,97,RB8327TW ,99,RB94SS15BA ,3,RB9482 ,9
RB533 ,2,RB8327W ,11,RB94SS15BB ,6,RB9482P ,2
RB5333 ,27,RB8327WA ,99,RB94SS27 ,13,RB9485 ,8
RB5333C ,5,RB8327WF ,48,RB94SS27H ,13,RB949 ,27
RB5333G ,99,RB833 ,48,RB94SS3 ,4,RHB12 ,2
RB5333L ,5,RB833X ,2,RB94SS33C ,10,RHB15 ,11
RB5333S ,7,RB8330A ,5,RB94SS33H ,5,RHB16 ,2
RB537T ,1,RB8330R ,7,RB94SS33L ,2,RHB18 ,1
RB83 ,2,RB833334 ,3,RB94SS33R ,5,RHB24 ,7
RB83S1128 ,32,RB834AAS ,5,RB94SS3333 ,7,RHB25 ,1
RB83S2X ,1,RB834BAS ,4,RB9413 ,2,RMA45 ,14
RB83S27 ,99,RB834BASX ,8,RB9413X ,1,RMA59A ,1
RB83S3 ,4,RB834BAX ,11,RB9415B ,1,RMA61A ,8
RB83S33 ,7,RB834C ,25,RB9417H ,5,RMA61B ,27
RB83S33L ,25,RB834D ,54,RB9417J ,2,RMA81S ,2
RB831 ,1,RB834H ,98,RB942 ,6,RMB150 ,1
RB8312B ,1,RB834HA ,22,RB9420 ,10,RMB185A ,11
,,"LC VOUGHT GARDNER DENVER DRILL PARTS, PAGE 27 ",,,,,
,,,Gardner Denver Drill Parts ,,,,
Part Number,Quantity,Part Number,Quantity,Part Number,Quantity,Part Number,Quantity
RMB185B ,1,RMH10243G ,1,RM77B ,1,R10411A ,99
RMB190AS ,2,RMH10243GX ,1,RM77BX ,1,R10411CB ,99
RMB193 ,8,RMH10247G ,1,RM78A ,1,R10412E ,4
RMB193A ,6,RMH10369 ,1,RM78C ,1,R10413S ,1
RMB196 ,7,RMH1039 ,12,RM79A ,1,R10415D ,45
RMB196E ,1,RMH1041 ,15,RM85S ,5,R10416 ,6
RMB198 ,2,RMH10585 ,2,RM89F ,3,R10418B ,20
RMB202 ,2,RMH10589 ,1,RM91 ,29,R10418C ,46
RMB204 ,8,RMH10590 ,12,RM93 ,3,R10418CS ,61
RMB205 ,2,RMH10592 ,12,RM93A ,3,R10418D ,99
RMB393 ,12,RMH10593 ,5,RP101K ,14,R10418E ,99
RMB43 ,5,RMH10594L ,1,RP101Q ,4,R10418G ,99
RMB43G ,16,RMH10594R ,1,RP102G ,33,R10418J ,6
RMB43GX ,2,RMH10596 ,1,RW12 ,24,R10418K ,8
RMB43KA ,9,RMH1067F ,2,RW13 ,7,R10418N ,24
RMB43KAX ,1,RMH1069 ,1,RW15 ,23,R10418P ,6
RMB47G ,24,RM277B ,1,RW18 ,1,R10418RA ,17
RMB47KA ,5,RM279A ,2,RW20 ,78,R10418T ,10
RMB489 ,1,RM39 ,4,RW23 ,4,R10418V ,79
RMB50 ,4,RM41 ,3,RW24 ,6,R10418W ,99
RMEH10100 ,1,RM49 ,11,RW4 ,48,R10418X ,8
RMEH10585 ,7,RM53 ,17,RW5 ,18,R1042G ,1
RMEH1063S ,4,RM59 ,1,RW6 ,23,R10421 ,99
RMEH1067F ,3,RM67 ,48,RW7 ,18,R10421DT ,4
RMEH1069 ,30,RM69 ,4,RW9 ,15,R10421W ,18
RME10217 ,1,RM71 ,4,R1041F1 ,31,R10422 ,99
RME1067 ,19,RM73 ,99,R1041F6 ,22,R10426 ,1
RMH10125 ,2,RM75 ,7,R10410L30 ,6,R10427A ,4
RMH10196H ,2,RM76 ,53,R1041042E ,3,R1044B ,10
,,"LC VOUGHT GARDNER DENVER DRILL PARTS, PAGE 28 ",,,,,
,,,Gardner Denver Drill Parts ,,,,
Part Number,Quantity,Part Number,Quantity,Part Number,Quantity,Part Number,Quantity
R1044NA ,15,R91S33 ,1,R918WL ,1,R9425FA ,4
R1044WA ,17,R911035 ,51,R919B ,9,R9427 ,18
R1047WT ,1,R911042 ,7,R94SS33P ,2,R9427A ,16
R1048WA ,7,R9111A ,99,R94S1B ,7,R9429 ,10
R111S15D ,3,R911125L ,1,R94S1F6 ,5,R943 ,6
R111S33C ,1,R911135 ,15,R94S17 ,1,R943332 ,5
R111S33CB ,7,R9112 ,2,R94S17C ,6,R943334 ,16
R111S33H ,7,R9112E ,1,R94S17D ,16,R943335 ,6
R111S33L ,9,R9115D ,8,R94S7C ,5,R9437 ,7
R111S33S ,7,R9116 ,1,R94S7D ,15,R9437S ,15
R1111EY4 ,5,R9118T ,10,R941A ,1,R947B ,2
R1111W ,30,R9118V ,4,R941LA ,3,R947F ,1
R1112P ,10,R9120LV ,1,R9410L30 ,1,R947N ,10
R11120LV ,11,R9123 ,8,R9411L30 ,1,R947NA ,34
R1113N ,9,R9123A ,6,R941135 ,47,R947T ,6
R1113S ,8,R9124 ,1,R941142 ,2,R947W ,7
R1117T ,6,R9124A ,9,R9412B ,4,R948 ,15
R1117T1H ,1,R9124BJ ,3,R9412BA ,5,R949 ,7
R125939 ,1,R9125 ,1,R9412C ,3,SF ,5
R683D ,4,R9125A ,3,R9412E ,35,SFH102 ,1
R683W ,32,R9127W ,54,R9415 ,1,SFH104PA ,1
R6830 ,4,R913G ,2,R9415A ,8,SFH137 ,16
R6830V ,2,R913N ,59,R9416 ,17,SFH138 ,50
R684KA ,2,R913S ,32,R9417 ,1,SFH140A ,1
R6883V ,1,R916C ,2,R9419A ,7,SFH141A ,30
R91S1C ,1,R917AN ,10,R942D ,42,SFH142 ,1
R91S15 ,1,R917FTA ,1,R9420 ,7,SFH143 ,3
R91S15B ,1,R917SA ,1,R9420A ,26,SFH145 ,7
R91S27C ,5,R918W ,1,R9420PA ,2,SFH146 ,2
,,"LC VOUGHT GARDNER DENVER DRILL PARTS, PAGE 29 ",,,,,
,,,Gardner Denver Drill Parts ,,,,
Part Number,Quantity,Part Number,Quantity,Part Number,Quantity,Part Number,Quantity
SFH17 ,3,SF68 ,6,SHA23 ,16,SHC170 ,4
SFH245 ,19,SF69 ,1,SHA24 ,7,SHC27A ,55
SFH246 ,24,SF69A ,9,SHA25 ,45,SHC30 ,5
SFH247 ,9,SF7 ,8,SHA27 ,2,SHC32 ,4
SFH39 ,24,SF76 ,40,SHA28 ,8,SHC33 ,80
SFH50 ,2,SF76FA ,6,SHA4 ,13,SHC50M ,4
SFH50X ,1,SF78 ,1,SHA43 ,2,SHC51M ,3
SFH99 ,10,SF78B ,2,SHA46 ,16,SHC52 ,6
SF102A ,1,SF8 ,2,SHA5 ,80,SHC53 ,6
SF11CB ,5,SF81 ,2,SHA6N ,12,SHC53M ,7
SF111 ,2,SF82 ,4,SHA7 ,3,SHC64 ,7
SF13 ,14,SF83B ,2,SHA9 ,5,SHC72 ,4
SF14A ,1,SF83BB ,2,SHCBDN12 ,12,SHC75 ,11
SF15 ,1,SF86 ,5,SHCBDN14 ,1,SHC78 ,3
SF162 ,1,SF86A ,2,SHC13G ,17,SHC92 ,13
SF17 ,3,SF86B ,9,SHC13GC ,11,SHC98 ,31
SF18P ,11,SF86N ,99,SHC13GE ,4,SH101 ,2
SF2A ,1,SF87 ,17,SHC13LL ,2,SH103 ,2
SF2L ,1,SF9 ,4,SHC13MB ,6,SH106 ,8
SF2P ,99,SF92 ,5,SHC13MC ,9,SH110 ,8
SF214AX ,1,SF93B ,3,SHC13MD ,27,SH12 ,13
SF4 ,12,SF96 ,88,SHC13W ,1,SH120 ,6
SF4H ,2,SF96W ,32,SHC17B ,1,SH122 ,1
SF41 ,14,SF97 ,7,SHC17G ,2,SH126 ,53
SF41R ,22,SF99A ,19,SHC17HA ,35,SH129 ,55
SF42C ,2,SF99D ,3,SHC17Q ,2,SH130 ,2
SF42LA ,1,SHA10 ,2,SHC17R ,1,SH133 ,2
SF44A ,3,SHA11 ,43,SHC17S ,1,SH135 ,8
SF62 ,37,SHA15 ,4,SHC17SM ,1,SH136 ,6
,,"LC VOUGHT GARDNER DENVER DRILL PARTS, PAGE 30 ",,,,,
,,,Gardner Denver Drill Parts ,,,,
Part Number,Quantity,Part Number,Quantity,Part Number,Quantity,Part Number,Quantity
SH140 ,4,SP27J7D ,4,S3315 ,10,S335X ,1
SH153 ,68,SP27K7E ,1,S3315B ,2,S3536R ,9
SH156 ,2,SP2712 ,3,S3315D ,1,S3536SA ,12
SH158 ,2,SP2715 ,1,S3316 ,54,S3536W ,8
SH159 ,5,SP2715C ,3,S332H ,88,S451 ,2
SH163 ,2,SP2717 ,1,S332P ,2,S451BFA ,1
SH164 ,3,SP2717E ,4,S332628 ,21,S4515 ,3
SH168 ,8,SP272X ,2,S332635 ,35,S4515B ,4
SH169 ,7,SP277C ,4,S3327 ,57,S4515C ,3
SH171 ,6,SP279 ,5,S3327W ,30,S4517 ,1
SH214 ,1,SP5 ,5,S333 ,10,S4517FA ,2
SH26 ,2,SP7 ,2,S333N ,56,S452F ,1
SH30 ,8,SP8 ,99,S333W ,99,S452535 ,23
SH37 ,16,SP9 ,2,S333333 ,5,S452628 ,2
SH53 ,1,SRR3 ,2,S3347 ,20,S452635 ,3
SH58 ,23,S17HT12H ,1,S337A ,25,S4527A ,16
SH64 ,20,S1711 ,6,S337LB ,3,S453 ,4
SH68 ,15,S1712 ,7,S339 ,3,S453D ,8
SH683 ,4,S1715D ,1,S351C ,99,S4533P ,43
SH75 ,35,S172542 ,3,S351S ,99,S457B ,1
SM4 ,9,S1726A42 ,1,S351W ,99,S457D ,17
SPD7 ,2,S1736 ,2,S3517 ,2,S48B1143 ,1
SP27B1 ,2,S177C ,1,S352528 ,28,S48F1PK ,99
SP27B36 ,4,S177CS ,1,S352635 ,1,S48F1SA ,1
SP27B36C ,2,S331B ,10,S3527W ,70,S48F12AA ,11
SP27B36DC ,1,S331V ,99,S3528 ,32,S48F12N ,99
SP27B36E ,3,S331W ,3,S3534 ,4,S48F13T ,14
SP27B36F ,3,S331017 ,2,S3534B ,9,S48F13X ,1
SP27B36K ,1,S3312 ,11,S3534W ,2,S48F147C ,99
,,"LC VOUGHT GARDNER DENVER DRILL PARTS, PAGE 31 ",,,,,
,,,Gardner Denver Drill Parts ,,,,
Part Number,Quantity,Part Number,Quantity,Part Number,Quantity,Part Number,Quantity
S48F147S ,33,S481BA ,1,S482535 ,7,S487A ,1
S48F147X ,1,S481BB ,1,S4826L25 ,3,S487B ,1
S48F15B ,22,S481C ,99,S482628 ,99,S487DA ,16
S48F150 ,99,S481D ,19,S482635 ,10,S487DL ,2
S48F17C ,1,S481F ,1,S4827D ,2,S487DLA ,12
S48F17CX ,1,S481P ,56,S4827G ,7,S487F ,2
S48F17FB ,1,S481PK ,99,S4827TKC ,7,S487H ,8
S48F2 ,2,S481PL ,99,S4827W ,2,S487N ,12
S48F2A ,99,S481W ,99,S4827WA ,65,S488BA ,51
S48F2E ,19,S4812A ,8,S4827WC ,99,S489 ,7
S48F2X ,4,S4813D ,99,S483 ,22,S53F1BA ,82
S48F23 ,99,S4813E ,13,S483DA ,62,S53F1L ,99
S48F3335 ,47,S4813S ,21,S483N ,99,S53F1T ,2
S48F34D ,12,S4813T ,8,S483W ,99,S53F15 ,77
S48F34DX ,12,S4813X ,1,S483335 ,56,S53F15C ,49
S48F36 ,10,S48146G ,3,S4834DA ,1,S53F16 ,99
S48F36B ,4,S48146W ,43,S4835X ,2,S53F2528 ,6
S48F37 ,99,S48147 ,31,S4836A ,1,S53F2535 ,1
S48F7D ,8,S48147GX ,5,S4836AA ,1,S53F2628 ,1
S48F7FA ,1,S48149 ,99,S4836B ,4,S53F33A35 ,6
S48F7FE ,2,S4815 ,46,S4836BA ,1,S53F3335 ,1
S48F7LB ,99,S4815C ,99,S4836BB ,1,S53F36A ,6
S48F7LD ,4,S4815R ,1,S4836CB ,1,S53F36B ,4
S48F7LF ,1,S48150 ,53,S4836E ,10,S53F36C ,9
S48F7LH ,2,S4816 ,8,S4836EA ,64,S53F36N ,35
S48F7LQ ,36,S4817AX ,1,S4836F ,19,S53F36P ,1
S48F7TLB ,40,S4817CA ,1,S4836G ,99,S53F36T ,14
S48F7TLF ,19,S4825L25 ,3,S4836W ,99,S53F36TA ,5
S481 ,12,S482528 ,5,S4837S ,13,S53F7D ,3
,,"LC VOUGHT GARDNER DENVER DRILL PARTS, PAGE 32 ",,,,,
,,,Gardner Denver Drill Parts ,,,,
Part Number,Quantity,Part Number,Quantity,Part Number,Quantity,Part Number,Quantity
S53F9A ,17,S5527A ,21,S58F1SD ,7,S58F3335 ,38
S55A1EY3 ,10,S5527C ,8,S58F113 ,1,S58F34D ,39
S55A1F4 ,40,S5527CT ,2,S58F12 ,2,S58F34DX ,15
S551 ,1,S553C ,99,S58F12A ,1,S58F34TX ,1
S551B ,23,S553E ,12,S58F12AA ,12,S58F36 ,2
S551C ,7,S553EX ,2,S58F12DA ,1,S58F36A ,57
S551S ,9,S5533 ,18,S58F12E ,7,S58F36B ,1
S551VC ,2,S5533C ,1,S58F12ED ,99,S58F36K ,5
S551W ,9,S5533P ,58,S58F12K ,99,S58F36N ,99
S5511C ,99,S5534 ,10,S58F147X ,4,S58F36P ,99
S551119 ,1,S5535X ,5,S58F15B ,99,S58F36R ,1
S5512 ,1,S5536CA ,6,S58F17 ,1,S58F36RA ,2
S5512B ,3,S5536E ,12,S58F17A ,1,S58F36T ,26
S5512C ,40,S5536J ,3,S58F17C ,1,S58F7D ,19
S5512CX ,27,S5536N ,4,S58F17FB ,2,S58F7DA ,12
S5515A ,28,S5536RA ,7,S58F17GB ,2,S58F7DB ,72
S5515B ,3,S5536SA ,27,S58F17TB ,11,S58F7H ,15
S5515BA ,47,S5536WB ,13,S58F18 ,1,S58F7K ,1
S5515CA ,10,S557 ,5,S58F18C ,1,S58F7LB ,1
S5516A ,9,S557B ,5,S58F18KX ,72,S58F7LF ,1
S5517A ,2,S557BN ,3,S58F18X ,2,S58F7R ,34
S5517LA ,1,S557LA ,62,S58F2 ,4,S58F7TB ,99
S552CD ,3,S557LLB ,33,S58F2A ,3,S58F7TD ,11
S552F ,5,S557LLF ,3,S58F2D ,99,S58F7TF ,46
S552WA ,1,S557LLQ ,1,S58F2TB ,97,S58F7TH ,8
S552WD ,1,S559 ,13,S58F20 ,20,S58F7TLB ,1
S552535 ,11,S58F1PP ,2,S58F24 ,1,S58F7TLD ,9
S552635 ,2,S58F1S ,1,S58F27T ,28,S58F7TLF ,1
S5527 ,95,S58F1SA ,5,S58F3D ,2,S58F7TLFC ,5
,,"LC VOUGHT GARDNER DENVER DRILL PARTS, PAGE 33 ",,,,,
,,,Gardner Denver Drill Parts ,,,,
Part Number,Quantity,Part Number,Quantity,Part Number,Quantity,Part Number,Quantity
S58F7TLQ ,15,S5834X ,12,S63F3 ,19,S83F12B ,9
S581BA ,8,S5835 ,7,S63F3X ,21,S83F120 ,99
S5812 ,99,S5835W ,99,S63F33A35 ,6,S83F127A ,1
S5815 ,1,S5835X ,2,S63F34L ,11,S83F15 ,12
S5815C ,18,S5836A ,55,S63F34R ,11,S83F15B ,26
S5815R ,1,S5836B ,2,S63F7DL ,25,S83F15D ,99
S5816A ,21,S5836C ,1,S63F7N ,11,S83F15X ,1
S5817CA ,1,S5837S ,92,S63F9 ,49,S83F16 ,24
S5817CB ,1,S587A ,3,S731VD ,1,S83F215H ,9
S5825A28 ,33,S587B ,78,S733334 ,1,S83F2528 ,18
S5825A35 ,8,S587D ,1,S7336C ,1,S83F2535 ,19
S5825L25 ,9,S587DL ,50,S7336S ,22,S83F2628 ,6
S5825L40 ,9,S587E ,1,S83F MOUNT ,4,S83F2635 ,99
S5826L25 ,2,S587F ,20,S83F1B ,3,S83F3 ,2
S5826L40 ,1,S587N ,99,S83F1PK ,99,S83F3335 ,14
S582628 ,62,S589A ,10,S83F1T ,4,S83F9 ,1
S5827D ,23,S63F1BA ,31,S83F100 ,68,S83F9E ,1
S5827G ,99,S63F1D ,5,S83F101 ,99,S83SKIT ,1
S5827TC ,99,S63F1T ,38,S83F112ABX ,2,S93F1 ,1
S5827W ,18,S63F121 ,3,S83F113 ,99,S93F112AB ,1
S5827WC ,1,S63F122 ,99,S83F114 ,2,S93F2F ,1
S583 ,13,S63F15 ,61,S83F114BX ,1,S93F27 ,26
S583D ,58,S63F15D ,75,S83F115H ,2,S93F7N ,1
S583DX ,2,S63F15P ,99,S83F116C ,16,TB33 ,1
S583N ,99,S63F2 ,9,S83F117 ,99,TFL240 ,25
S583X ,2,S63F27B ,99,S83F118B ,99,TFL6140P ,99
S583335 ,17,S63F27BMX ,11,S83F118JX ,3,TFL6182P ,10
S5834D ,1,S63F27D ,47,S83F119B ,99,TFL625 ,3
S5834G ,51,S63F27W ,18,S83F12 ,99,TFL629 ,77
,,"LC VOUGHT GARDNER DENVER DRILL PARTS, PAGE 34 ",,,,,
,,,Gardner Denver Drill Parts ,,,,
Part Number,Quantity,Part Number,Quantity,Part Number,Quantity,Part Number,Quantity
TFL629H ,8,TRR18 ,2,T2312Y ,3,VC85B ,14
TFL629KP ,99,TRR2 ,7,T2315 ,1,VC85C ,6
TFL630A ,99,TRR20 ,15,T2315B ,2,VC85D ,6
TFL631 ,99,TRR23 ,12,T2315D ,1,VC85E ,36
TFL632 ,99,TRR25 ,1,T2316 ,91,VC86 ,1
TFL633AS ,3,TRR26 ,22,T2319 ,2,VC87 ,8
TFL633DS ,11,TRR28 ,5,T233 ,1,VC87A ,4
TFL635 ,21,TRR3 ,1,UCP1 ,99,VD1 ,5
TFL638 ,97,TRR30 ,23,UCP3 ,1,VL030C ,2
TFL640A ,57,TRR31 ,10,VC13 ,5,VP4B51 ,7
TFL640PA ,6,TRR33 ,32,VC55J ,1,VP411 ,2
TFL643 ,1,TRR34 ,6,VC58 ,1,VP413 ,72
TFL643X ,2,TRR35 ,11,VC72AA ,10,VP415 ,3
TFL680 ,2,TRR36 ,1,VC77A ,4,VP417 ,6
TFL680F ,2,TRR39 ,99,VC77B ,10,VP419 ,2
TFL680H ,3,TRR4 ,99,VC77C ,22,VP421A ,3
TFL682 ,28,TRR40 ,37,VC84 ,1,VP423 ,2
TFL682A ,44,TRR5 ,99,VC84C ,8,,2
TFL682PA ,6,TRR50 ,99,VC84D ,2,VP427A ,1
TFL683 ,51,TRR53 ,99,VC84E ,15,VP43 ,3
TFL685 ,14,TRR59 ,36,VC84G ,4,VP433 ,24
TFL686 ,26,TRR6 ,18,VC84H ,8,VP435 ,1
TFL687 ,26,TRR61 ,25,VC84J ,11,VP435G ,1
TNB4 ,10,TRR68 ,3,VC84K ,17,VP439G ,1
TRR1 ,13,TRR7 ,10,VC84L ,18,VP441DS ,2
TRR10 ,5,T2310RS ,2,VC84M ,2,VP445 ,3
TRR11 ,12,T2311 ,1,VC84N ,2,VP447 ,1
TRR14 ,40,T2312H ,1,VC84T ,2,VP449 ,1
TRR15 ,3,T2312SC ,2,VC85 ,1,VP45 ,2
,,"LC VOUGHT GARDNER DENVER DRILL PARTS, PAGE 35 ",,,,,
,,,Gardner Denver Drill Parts ,,,,
Part Number,Quantity,Part Number,Quantity,Part Number,Quantity,Part Number,Quantity
VP453 ,2,WP40 ,6,Y1501301 ,2,Y910002 ,3
VP453A ,2,WP43 ,6,Y1501302 ,1,Z1 ,75
VP455 ,3,WP45 ,10,Y15040‐07 ,1,Z4 ,1
VP457 ,4,WP50 ,4,Y21910 ,3,1APC763C ,1
VP47A ,1,WP55 ,4,Y21911 ,1,1B671 ,1
VP49 ,2,WP56 ,3,Y25040‐08 ,1,1B6715 ,41
VP811 ,1,WP58 ,1,Y25120‐01 ,2,1B6715A ,41
VP815 ,1,WP59 ,1,Y25120‐21 ,1,1B6715X ,1
VP821B ,1,WP7 ,6,Y27808 ,4,1B6717 ,13
VP825 ,1,WP85 ,10,Y27938 ,1,1B6717X ,1
VP833 ,29,WS34 ,1,Y27940 ,1,1B67715 ,17
VP87A ,1,WS36 ,11,Y27948 ,1,1B72278 ,99
VP89 ,1,WS38 ,4,Y28284 ,1,1B72278A ,99
VT61 ,9,W10 ,1,Y28285 ,1,1B87B267 ,8
WC1 ,99,W12 ,2,Y28288 ,1,1B87B594 ,1
WF10 ,12,W14 ,6,Y28406 ,1,1B87C1 ,1
WF12 ,99,W16 ,10,Y28427 ,4,1B87C15 ,1
WF13 ,17,W18 ,6,Y3501301 ,2,1B87C15A ,16
WP10 ,18,W6 ,2,Y3501306 ,2,1B87C15X ,1
WP11 ,5,W8 ,12,Y372180 ,4,1B87C630 ,12
WP12 ,1,X1058531 ,1,Y594462 ,3,1B87C715 ,6
WP14 ,93,X1402236 ,1,Y594994 ,1,1B87C763 ,6
WP17 ,13,X1402634 ,52,Y736145 ,1,1B87C920 ,6
WP2 ,4,X1402634‐T1 ,64,Y737364 ,1,1B87C933 ,5
WP20 ,17,YL68149 ,1,Y737365 ,1,1B87C933X ,1
WP28 ,4,Y04094 ,2,Y75128‐30 ,3,1CH1 ,1
WP3 ,2,Y12257 ,2,Y75128‐36 ,1,1CH3B763 ,10
WP31 ,99,Y1409077 ,1,Y75157‐04P ,2,1CL5341 ,6
WP33 ,99,Y1409077‐T1 ,2,Y75157‐24 ,1,1DH231 ,1
,,"LC VOUGHT GARDNER DENVER DRILL PARTS, PAGE 36 ",,,,,
,,,Gardner Denver Drill Parts ,,,,
Part Number,Quantity,Part Number,Quantity,Part Number,Quantity,Part Number,Quantity
1DH231D ,1,1DMC211C ,2,1DPT628 ,1,1FL7594 ,3
1DH2315 ,1,1DMC599A ,28,1DPT760A ,1,1FL9124 ,19
1DH2317A ,5,1DMC763 ,33,1DPUL290 ,6,1HCF223 ,3
1DH232 ,18,1DMC888 ,1,1DPUL290B ,5,1HCF229X ,1
1DH232X ,1,1DM713 ,1,1DPUL323 ,2,1HCF255 ,1
1DH2327 ,99,1DPAT6 ,1,1DPUL579 ,1,1HCF412D ,2
1DH2327B ,6,1DPPC223 ,9,1DPU10 ,10,1HCF718 ,12
1DH2327C ,44,1DPPC223A ,13,1DPU11 ,22,1HCF725 ,12
1DH23311X ,2,1DPPC223B ,8,1DPU212 ,3,1HCF783 ,13
1DH23347 ,17,1DPPC283 ,6,1DPU214 ,1,1HDM8172 ,2
1DH23571 ,82,1DPPC290 ,2,1DPU283 ,28,1HDM8223 ,1
1DH23602 ,1,1DPPC290B ,1,1DPU290 ,20,1HDM8361 ,1
1DH23726 ,32,1DPPC579 ,1,1DPU3 ,1,1HDM8414 ,1
1DH23786 ,1,1DPPC579A ,3,1DPU36 ,99,1HDM8948 ,2
1DH239 ,21,1DPPC579B ,19,1DPU579 ,4,1HEE6 ,2
1DH239A ,1,1DPPC579C ,6,1DPU594 ,2,1HFM172 ,1
1DMCH223 ,35,1DPPC579D ,1,1D23275 ,3,1HFM254X ,1
1DMCH255 ,53,1DPPC818 ,1,1D23275X ,1,1HFM256A ,5
1DMCH718 ,19,1DPTL135 ,1,1D93A825 ,6,1HFM290B ,4
1DMCM211 ,2,1DPTL180A ,4,1D93L485A ,4,1HFM290D ,1
1DMCP211H ,1,1DPTL290 ,1,1D93L757T ,5,1HFM290E ,1
1DMCP255 ,1,1DPTL323 ,1,1D93L935 ,2,1HFM578A ,5
1DMCT172 ,12,1DPTL579 ,10,1D93278 ,2,1HFM578B ,1
1DMCT172AT ,4,1DPTL579A ,9,1D93949 ,2,1HFM686 ,1
1DMCT349 ,9,1DPTL579B ,1,1FG452 ,1,1HFM810 ,2
1DMCT515 ,2,1DPTL628 ,1,1FL6468 ,24,1HFM875 ,3
1DMCT515A ,7,1DPT160B ,1,1FL727B ,12,1HFM948A ,4
1DMCT515B ,8,1DPT290 ,1,1FL7310X ,1,1HPD941A ,2
1DMCT777 ,99,1DPT5 ,33,1FL7468 ,1,1HPR115 ,12
,,"LC VOUGHT GARDNER DENVER DRILL PARTS, PAGE 37 ",,,,,
,,,Gardner Denver Drill Parts ,,,,
Part Number,Quantity,Part Number,Quantity,Part Number,Quantity,Part Number,Quantity
1HPR15A ,7,1HPR621 ,1,1JTPH579B ,16,1MR30940 ,45
1HPR16 ,1,1HPR624 ,1,1JTPH579C ,5,1MR50940 ,4
1HPR163A ,1,1HPR624A ,1,1JTPH579D ,5,1M2MS163A ,4
1HPR164 ,1,1HPR624C ,3,1JTPH579E ,3,1M2MS18 ,7
1HPR17 ,7,1HPR625 ,14,1JTPH667A ,4,1M2MS246 ,1
1HPR19 ,46,1HPR625T ,4,1JTPH667B ,3,1M2MS440 ,11
1HPR2 ,1,1HPR7 ,2,1JTPH667C ,4,1M2MS442 ,97
1HPR223CT ,6,1HPR7A ,1,1JTPH763A ,1,1M2MS442A ,26
1HPR23 ,17,1HPR763 ,1,1JTPT223B ,1,1M2MS448 ,1
1HPR24 ,2,1HPR80 ,1,1JTPT778 ,40,1M2MS599 ,2
1HPR27A ,5,1HPR810X ,1,1JTW86 ,4,1M2MS599A ,4
1HPR27B ,3,1HPR86 ,1,1JT466 ,4,1M2MS611 ,1
1HPR274 ,1,1HPR9‐2 ,9,1J86 ,6,1M2MS87A ,3
1HPR296A ,27,1HPR920T ,5,1J92 ,3,1M2MS87B ,4
1HPR3 ,12,1HPR933A ,1,1KP509 ,1,1M2MS941 ,20
1HPR3‐1 ,10,1HPR935 ,2,1MB30X ,28,1PR2315 ,8
1HPR350‐1 ,12,1IMP3496 ,1,1MB31 ,19,1PR2317A ,1
1HPR362 ,50,1IMP3770X ,1,1MEBT2 ,2,1PR23277D ,1
1HPR485 ,1,1JHPU648X ,1,1MEBT8 ,3,1PR23280 ,1
1HPR485B ,9,1JSP86 ,2,1MEG40 ,5,1PR23543X ,2
1HPR488AT ,7,1JTB209 ,1,1MERM115 ,2,1PR23702X ,1
1HPR488B ,39,1JTB223 ,6,1MERM86 ,3,1PR2381A ,1
1HPR488C ,1,1JTB86 ,2,1MMGC54S ,1,1PR2381B ,1
1HPR488T ,36,1JTE53 ,1,1MMGC84 ,5,1PR23945A ,50
1HPR512 ,12,1JTE55 ,1,1MMG1 ,8,1PR23946 ,70
1HPR602 ,6,1JTI193X ,1,1MM20 ,4,1PR331AA ,1
1HPR602C ,8,1JTI290 ,1,1MM38 ,3,1PR33115 ,99
1HPR619 ,1,1JTPH579 ,1,1MOD158 ,1,1PR33163 ,31
1HPR619A ,1,1JTPH579A ,8,1MOD613C ,1,1PR3327 ,2
,,"LC VOUGHT GARDNER DENVER DRILL PARTS, PAGE 38 ",,,,,
,,,Gardner Denver Drill Parts ,,,,
Part Number,Quantity,Part Number,Quantity,Part Number,Quantity,Part Number,Quantity
1PR33274 ,5,1PR55275A ,1,1PR55715A ,4,1PR6681A ,3
1PR33275 ,1,1PR55275D ,3,1PR55715B ,6,1PR801A ,1
1PR33275B ,14,1PR55275X ,1,1PR55763 ,25,1PR80147X ,3
1PR33277 ,1,1PR55277 ,14,1PR55786 ,12,1PR8017 ,2
1PR33280 ,50,1PR55277A ,9,1PR5580 ,1,1PR8017A ,10
1PR3381 ,1,1PR55278B ,34,1PR5580A ,1,1PR802AX ,2
1PR3381B ,5,1PR55278D ,1,1PR5580X ,1,1PR802B ,5
1PR33920 ,1,1PR55278E ,7,1PR5581 ,1,1PR80223A ,40
1PR33944 ,1,1PR55282 ,5,1PR5586 ,5,1PR8027A ,1
1PR33944A ,2,1PR553 ,34,1PR559 ,11,1PR80275B ,12
1PR43347 ,2,1PR55349 ,11,1PR55947B ,4,1PR80277 ,3
1PR551 ,3,1PR55440 ,11,1PR66147 ,35,1PR80277B ,2
1PR55127 ,10,1PR55442A ,14,1PR66147X ,3,1PR80278B ,1
1PR55127A ,10,1PR55496 ,8,1PR6617C ,1,1PR80285 ,2
1PR55127B ,23,1PR55496A ,49,1PR662A ,2,1PR803 ,1
1PR55127D ,74,1PR55496B ,2,1PR66223 ,2,1PR8040A ,2
1PR55163 ,20,1PR55543T ,1,1PR66223B ,1,1PR8040B ,2
1PR5517A ,2,1PR55579 ,6,1PR66223D ,59,1PR8040C ,2
1PR5517B ,3,1PR55599 ,11,1PR6627A ,99,1PR8040X ,2
1PR5517X ,16,1PR55599A ,12,1PR66275B ,3,1PR80442 ,3
1PR552 ,1,1PR55602B ,1,1PR66277A ,13,1PR80443 ,1
1PR552A ,1,1PR55602C ,2,1PR663 ,6,1PR80443A ,3
1PR552X ,1,1PR55602X ,2,1PR66351 ,9,1PR80496 ,1
1PR55205 ,8,1PR55618 ,13,1PR66488A ,3,1PR80579 ,9
1PR55223 ,43,1PR55669 ,2,1PR66618C ,5,1PR80599A ,4
1PR55223A ,11,1PR55686 ,1,1PR66618D ,6,1PR807 ,1
1PR55223B ,6,1PR55686A ,12,1PR66618E ,45,1PR807A ,1
1PR5527 ,29,1PR55687 ,3,1PR66687 ,5,1PR807B ,3
1PR55275 ,1,1PR557 ,12,1PR6681 ,1,1PR80715A ,56
,,"LC VOUGHT GARDNER DENVER DRILL PARTS, PAGE 39 ",,,,,
,,,Gardner Denver Drill Parts ,,,,
Part Number,Quantity,Part Number,Quantity,Part Number,Quantity,Part Number,Quantity
1PR80763A ,2,1RMEA212D ,2,1R836X ,4,1TFL1420AB ,24
1PR80763B ,1,1RMEA599 ,1,1R838 ,10,1TFL1420AL ,11
1PR80763D ,5,1RMEA599D ,2,1SP2717 ,36,1TFL1420B ,12
1PR80825 ,22,1RMEA743 ,1,1SP27278 ,1,1TFL6124 ,99
1PR8089A ,1,1RMEA763 ,2,1SP27278A ,3,1TFL620B ,1
1PR809 ,1,1RMEA777 ,13,1SP27777A ,99,1TFL620C ,1
1PR80920 ,38,1RMEA809 ,1,1S12541 ,1,1TFL6376 ,4
1PR80948A ,17,1RMEA809A ,2,1S35676 ,34,1TFL6468 ,3
1PV23115 ,4,1RMEA89X ,1,1S48F278A ,21,1TFL6506 ,40
1PV2315 ,2,1RMEA948 ,1,1S48F278B ,6,1TFL6506A ,16
1PV23223AT ,10,1RMEA948A ,2,1S48675 ,1,1TF14124 ,1
1PV23275 ,2,1RMEA948C ,10,1S48715 ,10,1TF14376 ,34
1PV23277 ,1,1RMEA948D ,1,1S5511 ,1,1VL942C ,3
1PV23278A ,1,1RMEH212 ,5,1S552 ,1,1VP4940 ,9
1RB834 ,17,1R83M1 ,2,1S55278 ,5,1VP8940 ,99
1RB94124 ,2,1R83124 ,49,1S58F2 ,1,1V40M816 ,33
1RB94124A ,42,1R832X ,1,1S58F2X ,1,1V4517 ,1
1RB9420 ,2,1R8320 ,2,1S58F468 ,6,1V45275A ,2
1RB9420A ,1,1R8320C ,99,1S83F127A ,75,1V45319 ,26
1RB94506 ,80,1R8320D ,99,1S83F2 ,26,1V45320A ,1
1RB99Q10 ,12,1R83275 ,2,1S83F3 ,99,1V45618 ,2
1RCV15 ,2,1R834 ,4,1S83F702X ,1,1V45625F ,5
1RCV349 ,1,1R834B ,1,1S83F715 ,33,1V45669 ,1
1RCV430 ,8,1RB83469T ,1,1S83F715A ,33,1V45686 ,4
1RCV639A ,5,1R835 ,4,1S83F780X ,1,1V4581A ,1
1RCV639B ,3,1R835J ,1,1S83F9 ,5,1V4586A ,4
1RMEA180 ,8,1R835M ,1,1S83M1 ,2,1V4587 ,1
1RMEA180A ,8,1R83506 ,53,1TFL1420 ,49,1V45920A ,1
1RMEA212 ,2,1R836BX ,3,1TFL1420A ,46,10C4 ,61
,,"LC VOUGHT GARDNER DENVER DRILL PARTS, PAGE 40 ",,,,,
,,,Gardner Denver Drill Parts ,,,,
Part Number,Quantity,Part Number,Quantity,Part Number,Quantity,Part Number,Quantity
100146,7,1028394,4,1029032,61,1029273,8
100527,5,1028395,14,1029039,4,1029319,1
1017200,1,1028396,1,1029040,9,1029326,1
1028014,1,1028482,2,1029049,1,1029332,9
1028027,1,1028494,4,1029051,3,1029336,1
1028124,1,1028504,2,1029052,1,1029338,25
1028144,1,1028511,1,1029053,1,1029358,8
1028166,4,1028512,11,1029054,3,1029359,22
1028170,99,1028516,1,1029055,1,1029360,80
1028171,12,1028554,1,1029056,1,1029388,4
1028172,3,1028557,4,1029057,1,1029389,2
1028174,1,1028558,4,1029058,1,1029391,1
1028175,15,1028560,1,1029059,1,1029392,11
1028176,41,1028579,59,1029060,1,1029394,10
1028177,17,1028580,2,1029061,1,1029395,55
1028178,3,1028608,1,1029117,3,1029396,21
1028179,11,1028609,1,1029123,3,1029397,11
1028191,3,1028636,20,1029189,3,1029399,1
1028192,2,1028646,4,1029190,1,1029402,36
1028193,12,1028709,1,1029227,1,1029430,4
1028194,18,1028779,1,1029229,1,1029434,1
1028196,31,1028898,11,1029258,1,1029605,1
1028197,10,1028909,5,1029259,1,1029700,28
1028199,7,1028933,37,1029260,1,1029759,4
1028265,13,1028934,1,1029261,1,1029761,1
1028278,5,1028935,1,1029262,1,1029836,1
1028292,1,1028936,9,1029263,1,1029844,1
1028293,4,1028937,1,1029264,1,1029845,8
1028327,2,1028982,25,1029265,1,1029848,1
,,"LC VOUGHT GARDNER DENVER DRILL PARTS, PAGE 41 ",,,,,
,,,Gardner Denver Drill Parts ,,,,
Part Number,Quantity,Part Number,Quantity,Part Number,Quantity,Part Number,Quantity
1029853,12,1032531,8,1036298,1,1038305,11
1029859,1,1032533,12,1036688,14,1038306,7
1029868,5,1032598,6,1036703,13,1038307,2
1029883,1,1033471,2,1036719,1,1038314,10
1029886,10,1033739,5,1036721,1,1038318,4
1029890,1,1033748,2,1036722,7,1038329,37
1029900,99,1033994,2,1036774,8,1038333,4
1029902,9,1034145,68,1036876,2,1038363,9
1029906,64,1034172,13,1036928,12,1038390,16
1029907,99,1034190,1,1037022,1,1038399,1
1029955,1,1034361,40,1037163,1,1038449,21
1029959,74,1034362,10,1037201,1,1038457,14
1029960,99,1034369,3,1037206,1,1038474,4
1030780,1,1034572,7,1037383,10,1038504,10
1030781,1,1034674,1,1037605,12,1038518,4
1030786,1,1034676,10,1037866,18,1038546,1
1030802,1,1034997,1,1037896,4,1038562,2
1030834,6,1035557,1,1037903,8,1038608,1
1030843,2,1035607,9,1037906SP ,4,1038610,8
1030845,5,1035608,33,1037907,4,1038610‐36 ,10
1030856,3,1035652,24,1037907SP ,2,1038755,36
1030878,10,1035667,1,1037910,4,1038779,4
1030914,1,1035721,23,1037911,6,1038785,39
1031110,4,1035758,2,1037912,8,1038801,86
1031758,1,1035761,14,1037913,40,1038857,3
103193,3,1035841,1,1037930,1,1038884,1
103194,2,1035855,4,1037994,3,1039010,2
1031946,14,1035907,1,1037989,2,1039046,4
1032530,1,1036272,99,1038088,1,1039050,99
,,"LC VOUGHT GARDNER DENVER DRILL PARTS, PAGE 42 ",,,,,
,,,Gardner Denver Drill Parts ,,,,
Part Number,Quantity,Part Number,Quantity,Part Number,Quantity,Part Number,Quantity
1039082,1,1040182,7,1041188,11,1042941,13
1039134,93,1040198,6,1041196,18,104375,1
1039138,1,1040244,17,1041263,99,1045046,4
1039146,1,104054,1,1041273,1,1045058,3
1039163,99,1040696,2,1041277,12,1045133,4
1039261,74,1040708,3,1041285,17,1045164,28
1039265,2,1040720,2,1041286,99,1045252,8
1039450,3,1040721,4,1041290,1,1045275,3
1039465,42,1040729,1,1041292,1,1045348,3
1039515,15,1040733,1,1041294,6,1045361,2
1039539,1,1040737,2,1041295,6,1045372,27
1039542,2,1040741,4,1041552,5,1045481,1
1039619,1,1040744,1,1041578,3,1045561,8
1039706,19,1040749,2,1041582,1,1045616,2
1039728,48,1040775SP ,1,1041937,12,1045660,21
1039798,1,1040777,2,1041967,4,1045685,1
1039806,1,1040789,18,1042195,7,1045715,10
1039811,1,1040795,12,1042196,9,1045796,10
1039860,4,1040872,2,1042200,9,1045798,1
1039882,2,1040878,1,1042203,69,1045804,1
1039905,1,1040882,17,1042204,8,1045812,1
1039913,2,1040885,24,1042205,32,1045851,1
1039925,16,1040891,30,1042207,18,1045871,1
1039949,11,1040898,98,1042225,62,1045874,2
1039986,17,1040906,2,1042305,2,1045918,1
1040018,6,1040954,6,1042313,1,1045900,2
1040022,1,1040992,2,1042365,2,1045918,1
1040171,17,1041181,8,1042382,9,1045926,3
1040178,2,1041187,1,1042496,1,1045938,2
,,"LC VOUGHT GARDNER DENVER DRILL PARTS, PAGE 43 ",,,,,
,,,Gardner Denver Drill Parts ,,,,
Part Number,Quantity,Part Number,Quantity,Part Number,Quantity,Part Number,Quantity
1045963,2,1046668,11,1048360,30,1049941,3
1045969,1,1046672,1,1048397,3,1049957,12
1045976,2,1046680,4,1048398,57,1049979,1
1045982,1,1046693,1,1048400,4,1050010,2
1045988,1,1046699,13,1048403,22,1050018,2
1046023,6,1046721,1,1048458,28,1050067,3
1046030,11,1046757,1,1048459,3,1050068,8
1046042,27,1047302,20,1048527,1,1050069,16
1046049,5,1047312,11,1048533,15,1050070,23
1046079,9,1047725,5,1048535,2,1050071,5
1046087,9,1047743,8,1048537,4,1050072,99
1046093,19,1047782,1,1048542,1,1050073,99
1046099,10,1047841,2,1048809,24,1050074,99
1046153,99,1047842,1,1048812,38,1050075,26
1046159,99,1047864,99,1048837,7,1050076,16
1046186,99,1047865,1,1048843,9,1050077,99
1046291,15,1047866,4,1049075,2,1050078,99
1046450,20,1047867,1,1049614,1,1050081,99
1046589,10,1047869,1,1049668,2,1050082,4
1046597,1,1047870,1,1049735,1,1050085,2
1046601,7,1047871,1,1049742,4,1050089,2
1046605,2,1047872,4,1049789,5,1050091,1
1046621,4,1047873,1,1049790,1,1050092,3
1046623,5,1047874,1,1049793,3,1050094,4
1046627,1,1048096,1,1049799,6,1050197,99
1046637,1,1048097,1,1049801,1,1050242,1
1046641,3,1048098,1,1049812,14,1050271,4
1046649,1,1048107,1,1049813,11,1050304,14
1046651,13,1048261,5,1049856,9,1050341,16
,,"LC VOUGHT GARDNER DENVER DRILL PARTS, PAGE 44 ",,,,,
,,,Gardner Denver Drill Parts ,,,,
Part Number,Quantity,Part Number,Quantity,Part Number,Quantity,Part Number,Quantity
1050347,99,1051183,8,105192,4,1052659,99
1050357,6,1051236,16,1051996,1,1052660,13
1050381,18,1051259,1,1051998,1,1052661,2
1050391,82,1051286,5,1052048,1,1052667,99
1050596,3,105129,28,1052049,1,1052668,1
1050664,99,105133,1,105205,1,1052670,10
1050671,4,105135,4,1052059,1,1052671,99
1050693,6,1051370,1,105208,1,1052672,3
1050696,3,1051401,2,105210,1,1052673,99
1050699,1,105143,1,105211,1,1052675,1
1050757,4,105144,1,1052120,1,1052676,3
1050768,2,105147,1,105216,1,1052702,1
1050776,4,105148,7,1052174,3,105282,1
1050875,99,105150,1,105230,2,105283,1
1050878,12,1051590,2,1052373,1,1052870,99
1050903,6,105165,1,1052374,1,1052882,1
1050905,1,105166,1,1052376,1,1052888,2
1050906,1,105167,1,105240,1,1052906,1
1050908,2,105169,1,1052431,2,1052969,6
1050917,1,105170,1,1052479,16,1052973,3
1050918,4,105173,1,1052495,18,1053025,99
1050983,4,105176,1,1052561,1,1053201,2
1051056,18,1051785,1,1052568,6,1053206,5
1051059,1,1051792,10,1052569,1,1053285,5
1051106,1,1051794,4,1052575,1,1053293,25
1051111,1,105188,1,1052590,1,1053373,1
1051134,99,105189,1,1052592,1,1053382,47
1051144,1,105190,1,1052633,2,1053383,1
1051145,42,1051912,1,1052656,1,1053440,22
,,"LC VOUGHT GARDNER DENVER DRILL PARTS, PAGE 45 ",,,,,
,,,Gardner Denver Drill Parts ,,,,
Part Number,Quantity,Part Number,Quantity,Part Number,Quantity,Part Number,Quantity
1053501,1,1055443,16,1056726,2,1058437,15
1053532,3,1055508,6,1056825,1,1058457,1
1053939,1,1055524,2,1056841,2,1058460,10
1053943,99,1055528,1,1056842,7,1058464,7
1053971,3,1055545,1,1056870,3,1058488,1
1053972,14,1055587,75,1056990,20,1057507,3
1054016,1,1055589,23,1057009,12,1058507‐1 ,99
1054151,2,1055590,11,1057117,2,1058532,99
1054152,2,1055809,1,1057381,11,1058533,1
1054167,6,1055830,1,1057459,21,1058541,99
1054230,4,1055983,1,1057460,12,1058545,1
1054264,1,1055987,1,1057632,99,1058549,1
1054286,1,1055990,1,1057726,2,1058563,26
1054287,1,1056026,1,1057758,1,1058573,2
1054409,73,1056027,1,1057778,1,1058623,1
1054434,2,1056071,1,1057779,1,1058625,3
1054451,17,1056088,1,1057795,1,1058627,1
1054478,3,1056105,50,1057856,1,1058636,1
1054521,1,1056158,3,1057872,7,1058670,1
1054759,1,1056217,1,1057910,1,1058672,9
1054764,4,1056226,1,1057927,99,1058683,4
1054797,2,1056379,1,1057993,25,1058689,9
1054802,4,1056586,2,1058009,4,1058697,1
1054826,1,1056587,1,1058023,2,1058698,1
1054856,6,1056697,62,1058147,3,1058699,1
105514,2,1056702,1,1058236,30,1058700,1
1055207,1,1056722,1,1058401,99,1058703,1
1055361,1,1056723,1,1058402,2,1058705,1
1055383,6,1056725,2,1058416,1,1058715,4
,,"LC VOUGHT GARDNER DENVER DRILL PARTS, PAGE 46 ",,,,,
,,,Gardner Denver Drill Parts ,,,,
Part Number,Quantity,Part Number,Quantity,Part Number,Quantity,Part Number,Quantity
1058719,31,106713,1,1155140,1,1156233,1
1058770,1,106748,1,1155162,1,1156306,1
1058783,6,107H7T ,4,1155168,1,1156353,2
1058798,1,10713A ,99,1155170,40,1156780,1
1058817,39,10713BA ,99,1155178,1,1157065,2
1058856,6,10713C ,99,1155300,8,1157077,1
1058858,99,10713D ,14,1155301,6,1157083,2
1058867,12,10713G ,99,1155306,9,1157114,1
1058875,8,10713SA ,20,1155307,2,1157219,2
1058882,24,10713SB ,15,1155309,1,1157245,3
1058898,9,10729,21,1155311,2,1157509,1
1058898‐1 ,19,10736EA ,4,1155313,4,1157510,2
1058899,1,10736H ,2,1155314,2,1157591,1
1058901,8,10736K ,4,1155315,1,1157690,3
1058943,1,10736SA ,16,1155316,6,1157713,1
1058959,1,1078WA ,1,1155371,1,1157714,1
1058973,1,107800,1,1155374,6,1157883,3
1058974,1,107871,11,1155438,1,1157939,4
1058981,1,108859,2,1155491,1,1157993,16
1059009,15,11A7BN ,2,1155505,2,1158022,3
1059053,10,11FG39 ,15,1155510,14,117699,8
1059058,1,111025,1,1155517,2,118011,1
1059059,3,112602,3,1155618,3,118012,2
1059061,13,112635,1,1155683,1,11812DE ,1
1059063,1,1133,1,1155742,2,119327,1
1059063‐1 ,76,1155016,1,1155813,2,119375,1
1059064‐1 ,12,1155072,2,1155879,6,119483,1
1059210,1,1155091,3,1155932,1,119488,2
106096,4,1155138,26,1155996,1,12BA48 ,1
,,"LC VOUGHT GARDNER DENVER DRILL PARTS, PAGE 47 ",,,,,
,,,Gardner Denver Drill Parts ,,,,
Part Number,Quantity,Part Number,Quantity,Part Number,Quantity,Part Number,Quantity
12BA7 ,1,12J36 ,5,121066,1,123076,1
12BUW486 ,2,12J37 ,1,121071,1,123078,1
12BUW763 ,11,12J38 ,1,121072,1,123209,1
12C77 ,1,12J41 ,3,121073,1,123311,1
12C92 ,1,12J44 ,1,121075,1,123844,1
12GD6 ,6,12J58 ,4,121077,1,123879,1
12GE1 ,24,12J59 ,19,121085,1,123980,1
12GE19 ,5,12J61 ,1,121107,1,124366,1
12GE3 ,15,12J68 ,1,121109,1,124853,5
12GE7 ,1,12J7 ,1,121111,1,124919,5
12GG1 ,28,12J9 ,1,121113,1,125558,1
12GG2 ,1,12MSB223 ,21,121114,1,125560,1
12GH1 ,8,12MSB388A ,23,121116,1,125648,1
12G15 ,4,12P33 ,1,121381,2,126156,1
12J11 ,4,12P5 ,10,121399,1,127260,1
12J15 ,2,12RA28 ,2,121507,1,127263,1
12J17 ,1,120080,1,121532,7,127583,1
12J22 ,12,120082,1,122317,1,136928,1
12J23 ,1,120084,1,122318,1,137879,1
12J24 ,13,120086,1,122328,1,139324,6
12J25 ,1,120296,1,122650,2,14AUX79 ,1
12J27 ,5,120307,1,122651,1,1400168,4
12J28 ,23,120312,2,122785,1,1400214,9
12J29 ,11,120553,6,122787,2,1400216,6
12J30 ,1,120554,1,122837,1,1400379,4
12J32 ,9,120556,1,122838,1,1400524,1
12J33 ,1,120560,1,122949,1,1400529,2
12J34 ,1,120886,1,123072,14,1400565,1
12J35 ,25,120888,1,123074,4,1400699,1
,,"LC VOUGHT GARDNER DENVER DRILL PARTS, PAGE 48 ",,,,,
,,,Gardner Denver Drill Parts ,,,,
Part Number,Quantity,Part Number,Quantity,Part Number,Quantity,Part Number,Quantity
1400898,3,1403585,1,1405236,1,1406448,4
1401044,6,1403994,2,1405254,10,1406587,2
1401473‐T1 ,1,1403995,5,1405255,13,1406855,2
1401505,1,1403996,1,1405256,3,1407002‐T17 ,2
1401713‐75 ,4,1403997,1,1405257,40,1407002‐T22 ,4
1402015‐T38 ,2,1404065,6,1405258,17,1407002‐T40 ,2
1402217,2,1404172,4,1405259,18,1407002‐T46 ,2
1402232,1,1404173,4,1405260,2,1407002‐T47 ,1
1402464,1,140429,1,1405261,5,1407002‐T48 ,4
1402473,1,1404638,9,1405262,2,1407050,2
1402473‐17 ,7,1405079,2,1405264,2,1407084,1
1402473‐6 ,1,1405175,1,1405274,6,1407091‐K1 ,2
1402600,1,1405189,14,1405275,2,1407192,1
1402600‐T11 ,4,1405198‐T1 ,1,1405282,1,1407207‐T9 ,5
1402796,1,1405213,1,1405305,3,1407275,2
1402797,2,1405214,9,1405594,3,1407278,12
1402817,1,1405215,11,1405602,1,1407854,1
1402932,1,1405216,3,1405618,2,1407859,1
1402967,2,1405219,3,1405631,1,1408281,4
1403079,1,1405220‐1 ,26,1405741,2,1408858,1
1403391,2,1405221,8,1405742,2,1408943,6
1403424,6,1405222,1,1405772,2,1408954,7
1403471,1,1405223,40,1405773,3,1408955,14
1403523,4,1405224,15,1405991,16,1409176,99
1403526,2,1405225,6,1406056,1,1409187,1
1403529,3,1405226,5,1406198,7,1410112,1
1403553,1,1405228,3,1406199,6,1410177,2
1403554,1,1405230,6,1406418,1,1410199,2
1403555,2,1405232,1,1406447,2,1410200,1
,,"LC VOUGHT GARDNER DENVER DRILL PARTS, PAGE 49 ",,,,,
,,,Gardner Denver Drill Parts ,,,,
Part Number,Quantity,Part Number,Quantity,Part Number,Quantity,Part Number,Quantity
1410201,1,1411223,1,1417851,10,143723,50
1410202,10,1411468,1,1417860,5,143725,10
1410204,12,1411592,2,1418724,4,144712,4
1410206,1,1411943,1,1419018,2,146786,3
1410209,1,1412334,1,1419333,4,146788,2
1410211,14,1412862‐T1 ,1,1419537,7,146831,1
1410212,10,1412896,2,1419751,2,146983,1
1410218,9,1412924,15,1419752,2,147735,1
1410223,1,1412999,7,1420066,1,147983,71
1410344,2,1414254,3,1421613,6,149269,20
1410356,4,1414726,6,1421614,4,149270,1
1410357,8,1414832,1,1421615,2,15AA3 ,1
1410364,1,1414833,1,1421624,2,150714,1
1410400,1,1415314,1,1421625,10,151018,1
1410401,2,1415808,1,1421626,10,1512C ,12
1410402,4,1415950,4,1421627,3,1512GB ,63
1410473,1,1415999,1,1421628,4,151432,1
1410474,1,1416124,24,1421629,3,152100,1
1410707,2,1416125,24,1421631,2,152617,8
1410708,6,1416126,26,1421634,7,153729,3
1410734,2,141617,52,1421635,2,153919,2
1410828,1,141618,6,1421636,2,154564,2
1410832,9,141619,2,1421695,4,154838,1
1410834,2,1416481,1,1421709,2,154882,2
1410947,2,1416488,1,1422305,6,154928,2
1410949‐T1 ,2,141658,4,143447,1,1573,8
1411013,1,1416647,1,143628,1,157772,1
1411033,8,1417480,4,143721,1,159877,2
1411035,8,1417651,1,143722,1,161902,1
,,"LC VOUGHT GARDNER DENVER DRILL PARTS, PAGE 50 ",,,,,
,,,Gardner Denver Drill Parts ,,,,
Part Number,Quantity,Part Number,Quantity,Part Number,Quantity,Part Number,Quantity
162479,1,173N ,6,182246,2,2MMG1 ,4
162523,1,173W ,2,182400,2,2MM39 ,3
163538,5,173030,10,18327,1,2MSA132 ,4
163547,3,173212,4,184277,3,2MSA174 ,5
163739,1,173215,4,185351,1,2MSA304 ,1
164759,8,173220,3,186225,2,2MSU304 ,1
164766,1,173249,4,186228,2,2MS118 ,1
164798,3,173259,3,186230,1,2MS135 ,2
165507,12,173264,4,186336,8,2MS162 ,1
166458,40,1739A ,99,186582,2,2MS303 ,7
166572,2,175423,2,186675,2,2MS304 ,5
167136,24,175424,6,186727,8,2MS80 ,1
168000,99,175526,2,189045,8,2R125775A ,3
168438,2,1755741,1,190353,1,200MAA502 ,4
169636,1,1755842,2,19075,99,200MAM502 ,1
17L7CL ,21,1755954,6,191088,1,200MMG181 ,23
17L7CR ,69,1756089,1,197666,1,2006166,2
170081,5,1756096,1,2DPT36 ,24,2006989,31
170322,1,175772,1,2DPT5 ,43,2007020,1
170409,1,177569,4,2DPT86 ,48,2007368,4
170697,1,178509,1,2DPU5 ,9,2007444,1
170732,1,178598,8,2JTW86 ,4,2007445,1
170762,15,179036,17,2J86 ,9,2008014,2
170768,4,1812B ,1,2MC12105 ,2,2008016,11
170769,6,1812C ,1,2MC12106 ,1,2008017,9
170798,1,1812D ,1,2MC12110 ,5,2008018,1
171019,2,1812PL ,1,2MC1253 ,1,2008019,8
171050,2,1812SL ,1,2MC1291 ,10,2008021,13
1711A ,73,182B ,1,2MEBT6 ,2,2008033,8
,,"LC VOUGHT GARDNER DENVER DRILL PARTS, PAGE 51 ",,,,,
,,,Gardner Denver Drill Parts ,,,,
Part Number,Quantity,Part Number,Quantity,Part Number,Quantity,Part Number,Quantity
2008037,8,2010351,5,2109466,14,28A36G ,45
2008038,1,2010353,2,24CA731 ,1,28A7CA ,1
2008160,1,2010354,4,25AA1 ,99,28C7 ,1
2008501,7,2010360,1,25AH1 ,99,28E7C ,3
2008503,5,2010485,1,25AM10 ,4,2812PL ,44
2008521,12,2010491,2,25AM3 ,99,282A ,1
2008523,2,2010540,1,25AM7 ,10,283BA ,2
2008524,1,2010544,2,25BC139 ,1,289B ,4
2008537,2,2010560,8,25BC202 ,1,29Z19 ,2
2008545,4,2010564,24,25C1949 ,10,3DPT12 ,6
2008553,1,2010678,3,25C2397 ,6,3DPT86 ,25
2008581,2,2010681,1,25C2399 ,19,3DPU3 ,99
2008685,1,2010827,1,25C2487 ,10,3FO452 ,2
2008864,4,2010856,1,25G18 ,6,3HMT7 ,4
2008891,1,2010870,11,25W15 ,99,3MC10489 ,1
2008907,1,201197,1,25W39 ,1,3MM20 ,2
2009195,2,2012296,1,25W40 ,2,30XFA ,1
2009281,1,2012305,2,25W44 ,12,33C56 ,1
2009527,3,2013458,2,25W54 ,2,33D3 ,5
2009629,24,2013537,1,26A43 ,1,347B ,1
2009688,42,2013791,1,26C1 ,6,347C ,1
2009748,3,2014136,1,26716,1,35B207 ,3
2009882,8,2014465,1,27AF ,2,35B215 ,8
2009900,1,2014476,2,27H11 ,3,35B229 ,8
2010080,4,2014704,1,27P54 ,1,35C113 ,2
2010249,2,202SPH123A ,1,28A1 ,1,35D1 ,3
2010338,1,20729UA ,1,28A36 ,1,35D13 ,1
2010342,1,21D18 ,1,28A36A ,2,35D2 ,5
2010348,5,2109369,1,28A36F ,15,3728N ,1
,,"LC VOUGHT GARDNER DENVER DRILL PARTS, PAGE 52 ",,,,,
,,,Gardner Denver Drill Parts ,,,,
Part Number,Quantity,Part Number,Quantity,Part Number,Quantity,Part Number,Quantity
3729,2,5014739,1,5990691,1,60G116 ,4
3746,37,501658,1,5990798,8,60G117 ,4
377B ,1,5018495,1,5990799,8,60G118 ,14
377LLB ,64,5020077,12,5990819,3,60G120 ,1
377LLF ,4,5101519,1,5991095,2,60G130 ,5
377LLH ,2,5104855,1,5991180,1,60G139 ,1
377TLB ,5,530039,4,6MC10104 ,1,60G144 ,13
4DPT12 ,17,534618,1,6MC10108 ,4,60G147 ,1
4JTB79 ,1,54C165 ,5,6MC1013 ,6,60G148 ,1
4JTB86 ,24,5625961,2,6MC1013Z ,6,60G149 ,1
4MMG1 ,3,5825302,2,6MC1039 ,4,60G155 ,4
405213,1,5826970,1,6MC1078 ,1,60G217 ,3
4068014,1,5827546,2,6MC1080A ,1,60G228 ,1
5DPU86 ,56,5827642,1,6MC1081 ,3,60G31 ,1
5.00E+30 ,5,5828426,6,6MC1082 ,19,60G41 ,3
5HMT8 ,1,5829814,1,6MC1083 ,1,60G47 ,1
5HMT84 ,2,5840406,1,6MC1084 ,6,60G87 ,1
50AH8 ,3,5842211,2,6MC1085 ,1,60G94 ,1
50B5 ,12,5880284,2,6MC1086 ,3,60147,24
50B8 ,3,5990186,1,60AM35 ,4,603B ,49
5.00E+12 ,6,5990214,1,60AM47 ,1,62A156 ,44
5.00E+04 ,9,5990218,1,60AM49 ,1,62A159 ,3
5.00E+06 ,19,5990459,1,60DA310 ,2,62A160 ,9
5.00E+08 ,7,5990474,1,60DD21 ,1,62C39 ,15
500027,1,5990535,70,60DD94 ,1,62C40 ,1
5000810,1,5990547,2,60DD95 ,1,62C42 ,7
5005691,1,5990638,39845856,60G1 ,1,62C46 ,61
5010806,1,5990647,1,60G103 ,1,6.20E+67,56
5014738,1,5990649,1,60G115 ,5,62L147 ,3
,,"LC VOUGHT GARDNER DENVER DRILL PARTS, PAGE 53 ",,,,,
,,,Gardner Denver Drill Parts ,,,,
Part Number,Quantity,Part Number,Quantity,Part Number,Quantity,Part Number,Quantity
62L2 ,99,65W1 ,33,73414BA2 ,1,75P62 ,6
62L22 ,4,65W12 ,4,73430CA7 ,1,75P66 ,14
62L23 ,13,65W14 ,1,74097AA6 ,2,75S44 ,36
62L25 ,8,65W19 ,4,75AA13 ,5,75V10 ,99
62L35 ,8,65W20 ,5,75AE11 ,99,76AA3 ,3
62L36 ,10,65W23 ,1,75AG1 ,2,76A22 ,2
62L40 ,4,65W24 ,1,75A1 ,64,760,7
62L42 ,4,65W3 ,1,75A12 ,15,760R ,2
62L46 ,99,65W45 ,1,75A167 ,20,765DA ,5
62L47 ,1,65W47 ,10,75A20 ,99,7682580,14
62L7 ,10,65W48 ,1,75A23 ,7,77B ,1
62R172 ,1,66A12 ,1,75A24 ,6,77BN ,1
62R174 ,8,7DPU11 ,11,75A30 ,20,77CAK ,22
63U2X162 ,1,70A29 ,1,75A4 ,12,77CAL ,2
64AA4 ,1,70A66 ,1,75A42 ,4,77C27 ,2
64AA5 ,2,7.00E+05,26,75A54 ,22,77H1038 ,5
64AA6 ,16,71038,6,75A6 ,99,77H1138 ,3
64AN1 ,1,71050,19,75A67 ,24,77S5D ,27
64B4 ,1,711A ,99,75A7 ,19,772FF ,2
64D10 ,1,711B ,99,75B18 ,15,773W13Y ,2
65AA4 ,22,711C ,99,75B4 ,28,773W20 ,6
65A219 ,99,71138,1,75B48 ,2,773W21 ,7
65A220 ,99,715D ,1,75P169 ,4,777AN ,1
65A221 ,26,72A ,99,75P25 ,1,777CN ,12
65A222 ,99,72ES ,99,75P5 ,15,78A126 ,5
65A223 ,58,729B ,99,75P55 ,99,78A273 ,13
65A224 ,99,73A89 ,2,75P56 ,4,78A274 ,1
65A225 ,99,73307AA0 ,5,75P58 ,1,78A275 ,10
65A258 ,99,73407CA6 ,1,75P60 ,8,78A280 ,1
,,"LC VOUGHT GARDNER DENVER DRILL PARTS, PAGE 54 ",,,,,
,,,Gardner Denver Drill Parts ,,,,
Part Number,Quantity,Part Number,Quantity,Part Number,Quantity,Part Number,Quantity
78A281 ,1,95G24 ,2,,,,
78A282 ,17,95G3 ,13,,,,
78A327 ,11,95G33 ,99,,,,
78A387 ,1,95G4 ,50,,,,
78A398 ,4,95N16 ,1,,,,
78B22 ,1,,,,,,
78B27 ,1,,,,,,
78W32 ,2,,,,,,
78W35 ,1,,,,,,
79A129 ,4,,,,,,
86N61 ,3,,,,,,
88A269 ,1,,,,,,
9AUX89 ,1,,,,,,
90AL41 ,8,,,,,,
90AR34 ,1,,,,,,
90A35 ,4,,,,,,
90A39 ,8,,,,,,
90C25 ,2,,,,,,
9011A ,99,,,,,,
91052AA9 ,2,,,,,,
9347G ,99,,,,,,
95A10 ,21,,,,,,
95A3 ,13,,,,,,
95A7 ,16,,,,,,
95A8 ,14,,,,,,
95A9 ,3,,,,,,
95B1 ,2,,,,,,
95B3 ,1,,,,,,
95B5 ,11,,,,,,
,,"LC VOUGHT GARDNER DENVER DRILL PARTS, PAGE 55 ",,,,,
