,,,Gardner Denver Pump Parts ,,,,,,,
PART NUMBER ,QTY ,,PART NUMBER ,QTY ,,PART NUMBER ,QTY ,,PART NUMBER ,QTY 
AB12X ,1,,PS44525 ,3,,202PEE456 ,3,,60BT11 ,1
AB128 ,8,,PT15225 ,2,,204TBB045A ,2,,60BU101 ,7
AB129 ,17,,SST72551 ,4,,206VLJ482 ,3,,60BU29 ,6
AB15 ,4,,TA3160030 ,1,,208VWG482A ,1,,60BU74 ,2
AB16 ,3,,TA3226 ,2,,219TBHQ45H ,2,,60BU74TFE ,9
AB2 ,1,,TA4113 ,1,,25AL22 ,6,,60BU99 ,12
AB21 ,2,,TA5840 ,2,,25AL36 ,15,,60CC130 ,29
AB24X ,3,,TBA76002 ,4,,25AL38 ,6,,60DD99 ,11
AB25 ,2,,TBB76013 ,2,,25AL53 ,6,,60D16 ,12
AB26 ,1,,TBB76022 ,3,,25AL57 ,13,,60G3 ,1
AB28 ,3,,1AB3 ,2,,25AL59 ,6,,65A58 ,5
AB30 ,4,,1AC46 ,1,,25BC100 ,2,,7FG452 ,12
AB36 ,1,,1AE40 ,2,,25C188 ,1,,78D83 ,8
AB37 ,2,,1EF39 ,3,,25C320 ,21,,79A119 ,4
AB40 ,8,,1FD45650 ,2,,25C657 ,2,,,
AB5 ,1,,1FG24X ,2,,25D212 ,1,,,
AB6 ,1,,1FG908 ,8,,25FXG183X ,4,,,
AB60 ,6,,1PT206 ,2,,25G12 ,2,,,
AB65 ,3,,101685,10,,25G27 ,8,,,
AB672 ,2,,117712,4,,25T32 ,4,,,
AB7 ,2,,12C90 ,2,,25T34 ,24,,,
AC45 ,2,,2FXG495 ,1,,27B5 ,1,,,
AE39 ,12,,2PT69 ,3,,3AE40 ,12,,,
AE69 ,3,,2TA414A ,1,,3FO452 ,8,,,
AG22 ,2,,200TBK045A ,1,,4EF519 ,4,,,
AG318 ,2,,2006487,3,,4PA39 ,14,,,
AG39 ,2,,2010582,9,,4TA538 ,3,,,
BC318 ,2,,2010585,4,,4.50E+18 ,23,,,
BE158 ,2,,2010598,5,,4.50E+25 ,11,,,
C1J2A2 ,1,,2010605,6,,5C7 ,2,,,
C1J4A1 ,1,,2010607,13,,50AS10 ,2,,,
EK152 ,2,,2010608,7,,50AS13 ,2,,,
FD217 ,2,,2010609,3,,50B7C ,12,,,
FD45655 ,2,,2010611,9,,50X13 ,1,,,
FF317 ,14,,,9,,50Y5 ,3,,,
FF928 ,2,,2010620,6,,6PG206 ,1,,,
FG21 ,2,,2010621,6,,60A319 ,2,,,
FG317 ,4,,2010626,6,,60BG2 ,4,,,
FXF289 ,3,,2010627,6,,60BG24 ,2,,,
PG39 ,1,,2010737,6,,60BG7 ,1,,,
PQ15220 ,6,,2010956,9,,60BG9 ,1,,,
,,"LC VOUGHT, GARDNER DENVER PUMP PARTS, Page",,,,,,1,,
